{"Greater_Adelaide": {"p_post_scl_qualf_grad_dip_grad_certificate_pr100": 2.256521739130435, "p_post_scl_qualf_inadequately_described_ns_pr100": 8.617391304347828, "p_post_scl_qualf_adv_dip_dip_pr100": 8.886956521739132, "p_post_scl_qualf_postgrad_degree_pr100": 5.104347826086955, "p_post_scl_qualf_bachelor_degree_pr100": 16.156521739130437, "p_post_scl_qualf_p_post_scl_qualification_pr100": 59.330434782608684, "p_post_scl_qualf_certificate_pr100": 18.313043478260873}, "Greater_Melbourne": {"p_post_scl_qualf_grad_dip_grad_certificate_pr100": 2.6885714285714286, "p_post_scl_qualf_inadequately_described_ns_pr100": 9.517142857142854, "p_post_scl_qualf_adv_dip_dip_pr100": 9.46857142857143, "p_post_scl_qualf_postgrad_degree_pr100": 6.1571428571428575, "p_post_scl_qualf_bachelor_degree_pr100": 18.231428571428573, "p_post_scl_qualf_p_post_scl_qualification_pr100": 61.98285714285712, "p_post_scl_qualf_certificate_pr100": 15.928571428571432}, "Greater_Brisbane": {"p_post_scl_qualf_grad_dip_grad_certificate_pr100": 1.4749999999999999, "p_post_scl_qualf_inadequately_described_ns_pr100": 10.675, "p_post_scl_qualf_adv_dip_dip_pr100": 8.6125, "p_post_scl_qualf_postgrad_degree_pr100": 2.6125000000000003, "p_post_scl_qualf_bachelor_degree_pr100": 10.362499999999999, "p_post_scl_qualf_p_post_scl_qualification_pr100": 56.28750000000001, "p_post_scl_qualf_certificate_pr100": 22.5625}, "Greater_Sydney": {"p_post_scl_qualf_grad_dip_grad_certificate_pr100": 2.0777777777777775, "p_post_scl_qualf_inadequately_described_ns_pr100": 9.792592592592595, "p_post_scl_qualf_adv_dip_dip_pr100": 9.255555555555556, "p_post_scl_qualf_postgrad_degree_pr100": 8.56666666666667, "p_post_scl_qualf_bachelor_degree_pr100": 21.407407407407412, "p_post_scl_qualf_p_post_scl_qualification_pr100": 65.45185185185186, "p_post_scl_qualf_certificate_pr100": 14.34814814814815}}