{"geo_code": "great_mel", "polarity": 0.016666666666666677, "subjectivity": 0.13333333333333333}