{"geo_code": "great_syd", "polarity": 0.030000000000000006, "subjectivity": 0.20999999999999996}