{"geo_code": "great_brisbane", "polarity": 0.5166666666666667, "subjectivity": 0.5333333333333333}