{"geo_code": "Australia other", "polarity": 0.14242424242424243, "subjectivity": 0.3553030303030303}