{"geo_code": "great_brisbane", "polarity": 0.013666666666666666, "subjectivity": 0.36966666666666664}