{"geo_code": "great_brisbane", "polarity": -0.00017006802721087583, "subjectivity": 0.3705782312925171}