{"geo_code": "Australia other", "polarity": -0.2916666666666667, "subjectivity": 0.5416666666666666}