{"geo_code": "Australia other", "polarity": 0.2722222222222222, "subjectivity": 0.44444444444444453}