{"geo_code": "great_syd", "polarity": -0.19523809523809527, "subjectivity": 0.7714285714285714}