{"geo_code": "great_syd", "polarity": -0.06296296296296297, "subjectivity": 0.09629629629629631}