{"geo_code": "Australia other", "polarity": -0.3888888888888889, "subjectivity": 0.8333333333333334}