{"geo_code": "Australia other", "polarity": 0.22000000000000003, "subjectivity": 0.42000000000000004}