{"geo_code": "great_syd", "polarity": 0.054166666666666696, "subjectivity": 0.7208333333333333}