{"geo_code": "great_mel", "polarity": -0.0888888888888889, "subjectivity": 0.3055555555555556}