{"geo_code": "great_brisbane", "polarity": 0.011111111111111112, "subjectivity": 0.5222222222222223}