{"geo_code": "great_syd", "polarity": 0.016666666666666666, "subjectivity": 0.23333333333333334}