{"geo_code": "Australia other", "polarity": 0.3444444444444445, "subjectivity": 0.5222222222222223}