{"geo_code": "great_syd", "polarity": 0.1714285714285714, "subjectivity": 0.6654761904761904}