{"geo_code": "great_brisbane", "polarity": 0.03714285714285713, "subjectivity": 0.6471428571428571}