{"geo_code": "great_mel", "polarity": -0.46875, "subjectivity": 0.43333333333333335}