{"geo_code": "great_ald", "polarity": -0.3715277777777778, "subjectivity": 0.5944444444444444}