{"geo_code": "Australia other", "polarity": 0.3236111111111111, "subjectivity": 0.3888888888888889}