{"geo_code": "great_mel", "polarity": -0.06537698412698412, "subjectivity": 0.34682539682539687}