{"geo_code": "Australia other", "polarity": 0.2916666666666667, "subjectivity": 0.2833333333333333}