{"geo_code": "great_mel", "polarity": -0.11458333333333333, "subjectivity": 0.4444444444444444}