{"geo_code": "Australia other", "polarity": 0.4533333333333333, "subjectivity": 0.4066666666666666}