{"geo_code": "Australia other", "polarity": 0.5428571428571429, "subjectivity": 0.6428571428571428}