{"geo_code": "Australia other", "polarity": -0.3464285714285714, "subjectivity": 0.5345238095238095}