{"geo_code": "great_mel", "polarity": -0.32380952380952377, "subjectivity": 0.4142857142857143}