{"geo_code": "great_mel", "polarity": 0.11742424242424243, "subjectivity": 0.36363636363636365}