{"geo_code": "great_syd", "polarity": -0.07509920634920635, "subjectivity": 0.35714285714285715}