{"geo_code": "great_mel", "polarity": 0.19166666666666665, "subjectivity": 0.4083333333333334}