{"geo_code": "great_syd", "polarity": 0.2222222222222222, "subjectivity": 0.06666666666666667}