{"geo_code": "great_ald", "polarity": 0.005555555555555557, "subjectivity": 0.11666666666666665}