{"geo_code": "great_syd", "polarity": 0.008333333333333331, "subjectivity": 0.2583333333333333}