{"geo_code": "great_syd", "polarity": -0.8928571428571429, "subjectivity": 0.8571428571428571}