{"geo_code": "great_mel", "polarity": -0.23333333333333328, "subjectivity": 0.3055555555555555}