{"geo_code": "great_brisbane", "polarity": 0.19333333333333336, "subjectivity": 0.39333333333333337}