{"geo_code": "Australia other", "polarity": 0.49642857142857144, "subjectivity": 0.35892857142857143}