{"geo_code": "great_mel", "polarity": -0.10370370370370373, "subjectivity": 0.19259259259259262}