{"geo_code": "great_mel", "polarity": 0.19999999999999998, "subjectivity": 0.3333333333333333}