{"geo_code": "great_brisbane", "polarity": -0.2111111111111111, "subjectivity": 0.3411111111111111}