{"geo_code": "Australia other", "polarity": -0.016666666666666663, "subjectivity": 0.5333333333333333}