{"geo_code": "great_brisbane", "polarity": -0.2285714285714286, "subjectivity": 0.6392857142857142}