{"geo_code": "great_brisbane", "polarity": -0.24999999999999992, "subjectivity": 0.48333333333333334}