{"geo_code": "Australia other", "polarity": -0.14583333333333331, "subjectivity": 0.35833333333333334}