{"geo_code": "great_mel", "polarity": 0.05616666666666666, "subjectivity": 0.41833333333333333}