{"geo_code": "Australia other", "polarity": 0.2833333333333333, "subjectivity": 0.5833333333333334}