{"geo_code": "Australia other", "polarity": 0.09444444444444444, "subjectivity": 0.4972222222222223}