{"geo_code": "great_brisbane", "polarity": 0.5861111111111111, "subjectivity": 0.35000000000000003}