{"geo_code": "great_mel", "polarity": 0.04047619047619048, "subjectivity": 0.6507936507936508}