{"geo_code": "great_mel", "polarity": 0.09206349206349207, "subjectivity": 0.2976190476190476}