{"geo_code": "great_syd", "polarity": 0.1449074074074074, "subjectivity": 0.5068019943019944}