{"geo_code": "great_brisbane", "polarity": -0.06111111111111113, "subjectivity": 0.17777777777777778}