{"geo_code": "great_syd", "polarity": 0.1571428571428571, "subjectivity": 0.4045351473922903}