{"geo_code": "great_brisbane", "polarity": 0.04236111111111111, "subjectivity": 0.4222222222222223}