{"geo_code": "Australia other", "polarity": -0.10918367346938775, "subjectivity": 0.3129251700680272}