{"geo_code": "great_mel", "polarity": 0.20714285714285716, "subjectivity": 0.3607142857142857}