{"geo_code": "great_syd", "polarity": -0.08999999999999997, "subjectivity": 0.41777777777777775}