{"geo_code": "great_mel", "polarity": -0.2222222222222222, "subjectivity": 0.5888888888888889}