{"geo_code": "great_syd", "polarity": -0.20833333333333334, "subjectivity": 0.3666666666666667}