{"geo_code": "great_brisbane", "polarity": 0.07777777777777779, "subjectivity": 0.6666666666666666}