{"geo_code": "great_mel", "polarity": 0.09242424242424242, "subjectivity": 0.40530303030303033}