{"geo_code": "great_brisbane", "polarity": -0.050000000000000044, "subjectivity": 0.7000000000000001}