{"geo_code": "great_mel", "polarity": 0.06818181818181818, "subjectivity": 0.42727272727272725}