{"geo_code": "great_mel", "polarity": 0.15119047619047618, "subjectivity": 0.26785714285714285}