{"geo_code": "Australia other", "polarity": -0.03106060606060606, "subjectivity": 0.2625757575757576}