{"geo_code": "great_syd", "polarity": 0.26666666666666666, "subjectivity": 0.4222222222222222}