{"geo_code": "great_syd", "polarity": 0.03693181818181818, "subjectivity": 0.42727272727272725}