{"geo_code": "great_brisbane", "polarity": -0.048214285714285716, "subjectivity": 0.5412698412698412}