{"geo_code": "great_brisbane", "polarity": 0.14285714285714285, "subjectivity": 0.31785714285714284}