{"geo_code": "great_syd", "polarity": -0.04375000000000001, "subjectivity": 0.5270833333333333}