{"geo_code": "Australia other", "polarity": 0.07222222222222224, "subjectivity": 0.5555555555555555}