{"geo_code": "Australia other", "polarity": 0.10000000000000003, "subjectivity": 0.31666666666666665}