{"geo_code": "Australia other", "polarity": 0.2333333333333333, "subjectivity": 0.26666666666666666}