{"geo_code": "great_syd", "polarity": 0.48888888888888893, "subjectivity": 0.7000000000000001}