{"geo_code": "great_syd", "polarity": -0.08124999999999998, "subjectivity": 0.49895833333333334}