{"geo_code": "great_brisbane", "polarity": 0.049999999999999996, "subjectivity": 0.32083333333333336}