{"geo_code": "great_mel", "polarity": 0.4636363636363636, "subjectivity": 0.6727272727272727}