{"geo_code": "Australia other", "polarity": 0.35000000000000003, "subjectivity": 0.7777777777777777}