{"geo_code": "Australia other", "polarity": -0.009595959595959616, "subjectivity": 0.3717171717171717}