{"geo_code": "great_mel", "polarity": 0.3416666666666667, "subjectivity": 0.9166666666666667}