{"geo_code": "Australia other", "polarity": 0.4777777777777778, "subjectivity": 0.5555555555555555}