{"geo_code": "Australia other", "polarity": 0.22222222222222224, "subjectivity": 0.43333333333333335}