{"geo_code": "great_syd", "polarity": 0.47440476190476194, "subjectivity": 0.5619047619047619}