{"geo_code": "great_syd", "polarity": 0.2506060606060606, "subjectivity": 0.6542424242424242}