{"geo_code": "great_mel", "polarity": 0.1910714285714286, "subjectivity": 0.5196428571428571}