{"geo_code": "great_mel", "polarity": -0.019999999999999997, "subjectivity": 0.47333333333333333}