{"geo_code": "Australia other", "polarity": -0.04583333333333334, "subjectivity": 0.7208333333333333}