{"geo_code": "great_mel", "polarity": -0.27499999999999997, "subjectivity": 0.5916666666666667}