{"geo_code": "great_syd", "polarity": 0.08571428571428573, "subjectivity": 0.36666666666666664}