{"geo_code": "great_syd", "polarity": 0.01666666666666667, "subjectivity": 0.12083333333333332}