{"geo_code": "great_syd", "polarity": -0.24722222222222223, "subjectivity": 0.38888888888888884}