{"geo_code": "great_mel", "polarity": -0.026666666666666665, "subjectivity": 0.24500000000000002}