{"geo_code": "Australia other", "polarity": 0.10577200577200578, "subjectivity": 0.341991341991342}