{"geo_code": "great_brisbane", "polarity": -0.06666666666666667, "subjectivity": 0.31666666666666665}