{"geo_code": "Australia other", "polarity": -0.3499999999999999, "subjectivity": 0.5666666666666668}