{"geo_code": "great_ald", "polarity": -0.3527777777777778, "subjectivity": 0.5555555555555556}