{"geo_code": "great_mel", "polarity": -0.19318181818181818, "subjectivity": 0.33636363636363636}