{"geo_code": "Australia other", "polarity": -0.08333333333333333, "subjectivity": 0.30833333333333335}