{"geo_code": "great_syd", "polarity": 0.3852272727272727, "subjectivity": 0.7022727272727273}