{"geo_code": "Australia other", "polarity": -0.23787878787878788, "subjectivity": 0.7515151515151516}