{"geo_code": "great_mel", "polarity": 0.5787878787878787, "subjectivity": 0.7848484848484848}