{"geo_code": "Australia other", "polarity": 0.20285714285714285, "subjectivity": 0.6942857142857142}