{"geo_code": "great_ald", "polarity": 0.19404761904761905, "subjectivity": 0.6273809523809524}