{"geo_code": "great_mel", "polarity": 0.04285714285714287, "subjectivity": 0.41428571428571426}