{"geo_code": "great_brisbane", "polarity": 0.1166666666666667, "subjectivity": 0.13333333333333333}