{"geo_code": "great_ald", "polarity": 0.38437499999999997, "subjectivity": 0.659375}