{"geo_code": "great_ald", "polarity": 0.04292929292929292, "subjectivity": 0.2835858585858586}