{"geo_code": "great_brisbane", "polarity": 0.020833333333333332, "subjectivity": 0.4166666666666667}