{"geo_code": "Australia other", "polarity": 0.16999999999999998, "subjectivity": 0.6977777777777778}