{"geo_code": "great_mel", "polarity": -0.4083333333333334, "subjectivity": 0.5499999999999999}