{"geo_code": "Australia other", "polarity": -0.7142857142857143, "subjectivity": 0.8571428571428571}