{"geo_code": "great_mel", "polarity": 0.2571428571428571, "subjectivity": 0.3671428571428571}