{"geo_code": "great_syd", "polarity": 0.45999999999999996, "subjectivity": 0.4685714285714286}