{"geo_code": "Australia other", "polarity": 0.15833333333333333, "subjectivity": 0.39166666666666666}