{"geo_code": "great_mel", "polarity": 0.21428571428571427, "subjectivity": 0.5714285714285714}