{"geo_code": "great_brisbane", "polarity": -0.03787878787878788, "subjectivity": 0.3181818181818182}