{"geo_code": "Australia other", "polarity": -0.050000000000000044, "subjectivity": 0.9333333333333333}