{"geo_code": "Australia other", "polarity": 0.03181818181818183, "subjectivity": 0.7926136363636364}