{"geo_code": "great_mel", "polarity": 0.03333333333333334, "subjectivity": 0.41666666666666663}