{"geo_code": "great_brisbane", "polarity": 0.2785714285714286, "subjectivity": 0.8357142857142859}