{"geo_code": "Australia other", "polarity": 0.11250000000000002, "subjectivity": 0.49166666666666664}