{"geo_code": "great_mel", "polarity": 0.11357142857142857, "subjectivity": 0.46571428571428564}