{"geo_code": "great_syd", "polarity": 0.009090909090909122, "subjectivity": 0.7916666666666666}