{"geo_code": "great_syd", "polarity": 0.3333333333333333, "subjectivity": 0.48333333333333334}