{"geo_code": "Australia other", "polarity": -0.6999999999999998, "subjectivity": 0.6666666666666666}