{"geo_code": "Australia other", "polarity": -0.12864583333333332, "subjectivity": 0.20000000000000004}