{"geo_code": "great_mel", "polarity": 0.18545454545454548, "subjectivity": 0.4290909090909091}