{"geo_code": "great_mel", "polarity": -0.013888888888888902, "subjectivity": 0.40347222222222223}