{"geo_code": "Australia other", "polarity": 0.012121212121212116, "subjectivity": 0.18484848484848485}