{"geo_code": "Australia other", "polarity": 0.12575757575757573, "subjectivity": 0.396969696969697}