{"geo_code": "great_mel", "polarity": 0.39249999999999996, "subjectivity": 0.8900000000000001}