{"geo_code": "great_syd", "polarity": 0.14444444444444446, "subjectivity": 0.6222222222222222}