{"geo_code": "Australia other", "polarity": -0.11944444444444442, "subjectivity": 0.5916666666666667}