{"geo_code": "great_brisbane", "polarity": -0.8499999999999999, "subjectivity": 0.7619047619047619}