{"geo_code": "Australia other", "polarity": -0.1333333333333333, "subjectivity": 0.45833333333333326}