{"geo_code": "great_brisbane", "polarity": 0.09428571428571428, "subjectivity": 0.2590476190476191}