{"geo_code": "great_brisbane", "polarity": 0.08928571428571429, "subjectivity": 0.544047619047619}