{"geo_code": "great_syd", "polarity": -0.14074074074074075, "subjectivity": 0.2518518518518518}