{"geo_code": "great_syd", "polarity": 0.22499999999999998, "subjectivity": 0.4166666666666667}