{"geo_code": "great_syd", "polarity": 0.11363636363636363, "subjectivity": 0.2727272727272727}