{"geo_code": "great_syd", "polarity": -0.18888888888888888, "subjectivity": 0.3444444444444445}