{"geo_code": "great_mel", "polarity": -0.6999999999999998, "subjectivity": 0.6666666666666666}