{"geo_code": "great_brisbane", "polarity": 0.1791666666666667, "subjectivity": 0.44305555555555554}