{"geo_code": "Australia other", "polarity": -0.062499999999999986, "subjectivity": 0.23333333333333334}