{"geo_code": "Australia other", "polarity": -0.09166666666666667, "subjectivity": 0.20833333333333334}