{"geo_code": "great_syd", "polarity": -0.04999999999999999, "subjectivity": 0.46249999999999997}