{"geo_code": "great_syd", "polarity": -0.03181818181818183, "subjectivity": 0.6272727272727273}