{"geo_code": "Australia other", "polarity": 0.08409090909090909, "subjectivity": 0.21363636363636362}