{"geo_code": "great_syd", "polarity": 0.14285714285714285, "subjectivity": 0.26785714285714285}