{"geo_code": "great_mel", "polarity": -0.11249999999999999, "subjectivity": 0.7642857142857143}