{"geo_code": "great_brisbane", "polarity": 0.22499999999999998, "subjectivity": 0.5222222222222223}