{"geo_code": "great_mel", "polarity": 0.04242424242424243, "subjectivity": 0.38181818181818183}