{"geo_code": "great_syd", "polarity": -0.19999999999999998, "subjectivity": 0.4666666666666666}