{"geo_code": "great_syd", "polarity": 0.2833333333333333, "subjectivity": 0.8333333333333334}