{"geo_code": "great_mel", "polarity": 0.06666666666666667, "subjectivity": 0.16666666666666666}