{"geo_code": "great_mel", "polarity": -0.08333333333333327, "subjectivity": 0.42291666666666666}