{"geo_code": "great_syd", "polarity": 0.2857142857142857, "subjectivity": 0.4571428571428572}