{"geo_code": "great_mel", "polarity": -0.13333333333333333, "subjectivity": 0.26666666666666666}