{"geo_code": "great_mel", "polarity": -0.037037037037037056, "subjectivity": 0.2592592592592593}