{"geo_code": "great_syd", "polarity": 0.09722222222222222, "subjectivity": 0.5166666666666667}