{"geo_code": "Australia other", "polarity": 0.36666666666666664, "subjectivity": 0.47222222222222215}