{"geo_code": "great_mel", "polarity": -0.041666666666666664, "subjectivity": 0.3666666666666667}