{"geo_code": "great_mel", "polarity": 0.10714285714285714, "subjectivity": 0.40952380952380957}