{"geo_code": "great_syd", "polarity": -0.16458333333333333, "subjectivity": 0.36875}