{"geo_code": "great_syd", "polarity": 0.2308035714285714, "subjectivity": 0.5936507936507937}