{"geo_code": "great_mel", "polarity": 0.032482993197278924, "subjectivity": 0.4331632653061224}