{"geo_code": "Australia other", "polarity": 3.053113317719181e-17, "subjectivity": 0.3633333333333333}