{"geo_code": "great_syd", "polarity": 0.0715909090909091, "subjectivity": 0.22613636363636364}