{"geo_code": "great_mel", "polarity": 0.11727272727272728, "subjectivity": 0.25090909090909086}