{"geo_code": "great_syd", "polarity": 0.09034090909090908, "subjectivity": 0.6198863636363636}