{"geo_code": "great_syd", "polarity": -0.23333333333333328, "subjectivity": 0.5888888888888889}