{"geo_code": "great_mel", "polarity": 0.03888888888888889, "subjectivity": 0.5499999999999999}