{"geo_code": "Australia other", "polarity": 0.11291666666666668, "subjectivity": 0.7704166666666666}