{"geo_code": "Australia other", "polarity": -0.8928571428571429, "subjectivity": 0.8571428571428571}