{"geo_code": "Australia other", "polarity": 0.11388888888888889, "subjectivity": 0.2916666666666667}