{"geo_code": "great_syd", "polarity": 0.01428571428571429, "subjectivity": 0.27142857142857146}