{"geo_code": "great_mel", "polarity": 0.11527777777777777, "subjectivity": 0.48518518518518516}