{"geo_code": "great_mel", "polarity": -0.24166666666666667, "subjectivity": 0.5916666666666667}