{"geo_code": "Australia other", "polarity": -0.05166666666666666, "subjectivity": 0.40166666666666667}