{"geo_code": "Australia other", "polarity": -0.06666666666666665, "subjectivity": 0.5333333333333333}