{"geo_code": "great_syd", "polarity": -0.33101851851851855, "subjectivity": 0.512962962962963}