{"geo_code": "great_syd", "polarity": 0.047619047619047616, "subjectivity": 0.42619047619047623}