{"geo_code": "great_brisbane", "polarity": -0.15925925925925927, "subjectivity": 0.5981481481481481}