{"geo_code": "Australia other", "polarity": 0.5633333333333334, "subjectivity": 0.9533333333333333}