{"geo_code": "great_mel", "polarity": 0.018750000000000003, "subjectivity": 0.59375}