{"geo_code": "great_mel", "polarity": 0.3833333333333333, "subjectivity": 0.6833333333333333}