{"geo_code": "great_syd", "polarity": -0.32222222222222224, "subjectivity": 0.48888888888888893}