{"geo_code": "great_mel", "polarity": 0.1079805996472663, "subjectivity": 0.33699294532627866}