{"geo_code": "great_syd", "polarity": 0.04444444444444443, "subjectivity": 0.32222222222222224}