{"geo_code": "great_syd", "polarity": 0.0638095238095238, "subjectivity": 0.15380952380952378}