{"geo_code": "great_mel", "polarity": -0.01944444444444444, "subjectivity": 0.38611111111111107}