{"geo_code": "Australia other", "polarity": 0.18727272727272729, "subjectivity": 0.3996270396270396}