{"geo_code": "Australia other", "polarity": -0.19999999999999996, "subjectivity": 0.35555555555555557}