{"geo_code": "great_syd", "polarity": 0.07045454545454545, "subjectivity": 0.3431818181818182}