{"geo_code": "great_syd", "polarity": 0.2222222222222222, "subjectivity": 0.34583333333333327}