{"geo_code": "Australia other", "polarity": 0.25625, "subjectivity": 0.4284722222222222}