{"geo_code": "great_mel", "polarity": -0.4347222222222222, "subjectivity": 0.5138888888888888}