{"geo_code": "great_ald", "polarity": 0.17323232323232327, "subjectivity": 0.3181818181818182}