{"geo_code": "great_syd", "polarity": -0.4761904761904762, "subjectivity": 0.9047619047619048}