{"geo_code": "great_mel", "polarity": -0.061904761904761914, "subjectivity": 0.3761904761904762}