{"geo_code": "great_mel", "polarity": 0.15833333333333333, "subjectivity": 0.7916666666666666}