{"geo_code": "great_syd", "polarity": 0.06607142857142859, "subjectivity": 0.5741071428571429}