{"geo_code": "great_syd", "polarity": 0.016666666666666663, "subjectivity": 0.11333333333333333}