{"geo_code": "great_ald", "polarity": -0.26666666666666666, "subjectivity": 0.42000000000000004}