{"geo_code": "great_syd", "polarity": 0.26666666666666666, "subjectivity": 0.7166666666666667}