{"geo_code": "Australia other", "polarity": 0.15666666666666668, "subjectivity": 0.24333333333333332}