{"geo_code": "great_mel", "polarity": 0.08484848484848484, "subjectivity": 0.2606060606060606}