{"geo_code": "great_syd", "polarity": 0.41666666666666663, "subjectivity": 0.6666666666666667}