{"geo_code": "great_mel", "polarity": -0.25757575757575757, "subjectivity": 0.4553030303030303}