{"geo_code": "great_mel", "polarity": 0.04761904761904762, "subjectivity": 0.25744047619047616}