{"geo_code": "great_syd", "polarity": -0.14444444444444446, "subjectivity": 0.25555555555555554}