{"geo_code": "great_ald", "polarity": 0.07064814814814815, "subjectivity": 0.38379629629629625}