{"geo_code": "great_syd", "polarity": 0.4000000000000001, "subjectivity": 0.6333333333333334}