{"geo_code": "great_brisbane", "polarity": 0.2041666666666667, "subjectivity": 0.5666666666666667}