{"geo_code": "great_syd", "polarity": 0.5136363636363637, "subjectivity": 0.6227272727272727}