{"geo_code": "great_mel", "polarity": 0.2380952380952381, "subjectivity": 0.35714285714285715}