{"geo_code": "Australia other", "polarity": -0.03333333333333334, "subjectivity": 0.08333333333333334}