{"geo_code": "great_syd", "polarity": -0.32552083333333326, "subjectivity": 0.43333333333333335}