{"geo_code": "great_syd", "polarity": 0.24545454545454545, "subjectivity": 0.4181818181818182}