{"geo_code": "great_syd", "polarity": 0.04305555555555557, "subjectivity": 0.29444444444444445}