{"geo_code": "great_syd", "polarity": 0.29642857142857143, "subjectivity": 0.6412698412698413}