{"geo_code": "great_brisbane", "polarity": 0.2857142857142857, "subjectivity": 0.5357142857142857}