{"geo_code": "great_mel", "polarity": -0.09722222222222222, "subjectivity": 0.18055555555555558}