{"geo_code": "Australia other", "polarity": 0.5255208333333333, "subjectivity": 0.43333333333333335}