{"geo_code": "Australia other", "polarity": 0.08928571428571429, "subjectivity": 0.2650793650793651}