{"geo_code": "great_ald", "polarity": 0.20000000000000004, "subjectivity": 0.5333333333333333}