{"geo_code": "great_syd", "polarity": 0.016666666666666666, "subjectivity": 0.03333333333333333}