{"geo_code": "Australia other", "polarity": -0.2863636363636364, "subjectivity": 0.7727272727272727}