{"geo_code": "Australia other", "polarity": 0.19285714285714287, "subjectivity": 0.4785714285714286}