{"geo_code": "great_ald", "polarity": 0.051515151515151514, "subjectivity": 0.22727272727272727}