{"geo_code": "great_mel", "polarity": 0.028787878787878782, "subjectivity": 0.21666666666666667}