{"geo_code": "Australia other", "polarity": 0.06666666666666667, "subjectivity": 0.5111111111111111}