{"geo_code": "great_syd", "polarity": -0.2111111111111111, "subjectivity": 0.7222222222222222}