{"geo_code": "great_syd", "polarity": 0.32916666666666666, "subjectivity": 0.30000000000000004}