{"geo_code": "great_brisbane", "polarity": 0.007405689548546685, "subjectivity": 0.27360853432282}