{"geo_code": "great_syd", "polarity": -0.09325833671536797, "subjectivity": 0.41542207792207786}