{"geo_code": "Australia other", "polarity": 0.2818181818181818, "subjectivity": 0.5113636363636364}