{"geo_code": "Australia other", "polarity": 0.1452380952380952, "subjectivity": 0.7690476190476191}