{"geo_code": "Australia other", "polarity": -0.26666666666666666, "subjectivity": 0.4666666666666666}