{"geo_code": "great_mel", "polarity": -0.09351851851851851, "subjectivity": 0.22129629629629632}