{"geo_code": "Australia other", "polarity": -0.09166666666666667, "subjectivity": 0.3416666666666667}