{"geo_code": "great_brisbane", "polarity": -0.15833333333333333, "subjectivity": 0.33333333333333337}