{"geo_code": "great_syd", "polarity": 0.05555555555555555, "subjectivity": 0.28888888888888886}