{"geo_code": "Australia other", "polarity": 0.17142857142857143, "subjectivity": 0.5571428571428572}