{"geo_code": "great_syd", "polarity": 0.10114285714285713, "subjectivity": 0.49142857142857144}