{"geo_code": "Australia other", "polarity": -0.2450757575757576, "subjectivity": 0.38863636363636367}