{"geo_code": "great_syd", "polarity": 0.3458333333333333, "subjectivity": 0.3666666666666667}