{"geo_code": "great_mel", "polarity": 0.09444444444444444, "subjectivity": 0.45925925925925926}