{"geo_code": "great_mel", "polarity": 0.23499999999999996, "subjectivity": 0.31500000000000006}