{"geo_code": "great_mel", "polarity": -0.11111111111111112, "subjectivity": 0.2986111111111111}