{"geo_code": "great_syd", "polarity": 0.4291666666666667, "subjectivity": 0.2833333333333333}