{"geo_code": "great_mel", "polarity": -0.18055555555555555, "subjectivity": 0.5833333333333334}