{"geo_code": "great_brisbane", "polarity": -0.3277777777777778, "subjectivity": 0.3944444444444445}