{"geo_code": "great_mel", "polarity": 0.10000000000000002, "subjectivity": 0.3833333333333333}