{"geo_code": "great_syd", "polarity": 0.30625, "subjectivity": 0.26666666666666666}