{"geo_code": "Australia other", "polarity": 0.4583333333333333, "subjectivity": 0.6583333333333333}