{"geo_code": "great_ald", "polarity": -0.03148148148148149, "subjectivity": 0.30370370370370375}