{"geo_code": "great_mel", "polarity": -0.008000000000000002, "subjectivity": 0.30133333333333334}