{"geo_code": "great_syd", "polarity": 0.35212121212121217, "subjectivity": 0.7357575757575757}