{"geo_code": "great_mel", "polarity": 0.03541666666666664, "subjectivity": 0.44791666666666674}