{"geo_code": "great_ald", "polarity": 0.22999999999999998, "subjectivity": 0.6066666666666667}