{"geo_code": "Australia other", "polarity": -0.00416666666666667, "subjectivity": 0.5291666666666667}