{"geo_code": "Australia other", "polarity": 0.12499999999999997, "subjectivity": 0.5416666666666667}