{"geo_code": "Australia other", "polarity": -0.05833333333333333, "subjectivity": 0.4749999999999999}