{"geo_code": "great_mel", "polarity": -0.025624999999999995, "subjectivity": 0.49750000000000005}