{"geo_code": "Australia other", "polarity": 0.033333333333333326, "subjectivity": 0.5333333333333333}