{"geo_code": "Australia other", "polarity": 0.011904761904761899, "subjectivity": 0.5082010582010582}