{"geo_code": "great_brisbane", "polarity": 0.29545454545454547, "subjectivity": 0.4292929292929293}