{"geo_code": "great_syd", "polarity": -0.03166666666666667, "subjectivity": 0.3716666666666667}