{"geo_code": "Australia other", "polarity": 0.4166666666666667, "subjectivity": 0.5499999999999999}