{"geo_code": "Australia other", "polarity": 0.4333333333333333, "subjectivity": 0.7333333333333333}