{"geo_code": "great_mel", "polarity": -0.0851851851851852, "subjectivity": 0.3962962962962963}