{"geo_code": "great_mel", "polarity": -0.2227891156462585, "subjectivity": 0.6319727891156461}