{"geo_code": "Australia other", "polarity": 0.09545454545454546, "subjectivity": 0.36818181818181817}