{"geo_code": "great_mel", "polarity": 0.11666666666666665, "subjectivity": 0.5166666666666667}