{"geo_code": "great_mel", "polarity": -0.3583333333333333, "subjectivity": 0.36666666666666664}