{"geo_code": "great_mel", "polarity": -0.26666666666666666, "subjectivity": 0.8333333333333334}