{"geo_code": "great_mel", "polarity": 0.6166666666666667, "subjectivity": 0.48333333333333334}