{"geo_code": "Australia other", "polarity": 0.20185185185185184, "subjectivity": 0.48148148148148145}