{"geo_code": "great_brisbane", "polarity": -0.00833333333333334, "subjectivity": 0.43333333333333335}