{"geo_code": "Australia other", "polarity": 0.10555555555555556, "subjectivity": 0.28333333333333327}