{"geo_code": "great_mel", "polarity": -0.028888888888888884, "subjectivity": 0.3788888888888889}