{"geo_code": "great_mel", "polarity": 0.01111111111111112, "subjectivity": 0.6097222222222222}