{"geo_code": "Australia other", "polarity": 0.20370370370370372, "subjectivity": 0.3462962962962963}