{"geo_code": "great_mel", "polarity": -0.0894179894179894, "subjectivity": 0.5437830687830688}