{"geo_code": "great_mel", "polarity": 0.1261904761904762, "subjectivity": 0.26785714285714285}