{"geo_code": "Australia other", "polarity": -0.13819444444444443, "subjectivity": 0.548611111111111}