{"geo_code": "great_mel", "polarity": 0.15555555555555556, "subjectivity": 0.19999999999999998}