{"geo_code": "great_mel", "polarity": 0.3181818181818182, "subjectivity": 0.7272727272727273}