{"geo_code": "great_mel", "polarity": -0.15625, "subjectivity": 0.4732142857142857}