{"geo_code": "great_mel", "polarity": -0.18787878787878784, "subjectivity": 0.3737373737373737}