{"geo_code": "great_mel", "polarity": 0.03253968253968253, "subjectivity": 0.3311507936507937}