{"geo_code": "great_brisbane", "polarity": 0.23878787878787883, "subjectivity": 0.3157575757575758}