{"geo_code": "great_syd", "polarity": 0.11111111111111112, "subjectivity": 0.48518518518518516}