{"geo_code": "great_syd", "polarity": 0.36363636363636365, "subjectivity": 0.5227272727272727}