{"geo_code": "great_brisbane", "polarity": -0.10833333333333334, "subjectivity": 0.19999999999999998}