{"geo_code": "great_mel", "polarity": -0.22833333333333333, "subjectivity": 0.5433333333333333}