{"geo_code": "great_syd", "polarity": -0.14722222222222223, "subjectivity": 0.34722222222222227}