{"geo_code": "great_ald", "polarity": 0.28409090909090906, "subjectivity": 0.7261363636363636}