{"geo_code": "Australia other", "polarity": -0.00833333333333334, "subjectivity": 0.4916666666666667}