{"geo_code": "great_syd", "polarity": 0.2833333333333334, "subjectivity": 0.43333333333333335}