{"geo_code": "great_mel", "polarity": 0.039999999999999994, "subjectivity": 0.5714285714285714}