{"geo_code": "great_syd", "polarity": 0.2681818181818182, "subjectivity": 0.7272727272727273}