{"geo_code": "great_mel", "polarity": -0.4666666666666666, "subjectivity": 0.7333333333333334}