{"geo_code": "great_brisbane", "polarity": -0.019097222222222224, "subjectivity": 0.6083333333333334}