{"geo_code": "great_brisbane", "polarity": -0.04444444444444443, "subjectivity": 0.6555555555555556}