{"geo_code": "great_syd", "polarity": 0.03914285714285714, "subjectivity": 0.6394285714285715}