{"geo_code": "great_mel", "polarity": 0.06944444444444443, "subjectivity": 0.6805555555555555}