{"geo_code": "great_mel", "polarity": 0.12500000000000003, "subjectivity": 0.4608974358974359}