{"geo_code": "great_syd", "polarity": 0.4781746031746032, "subjectivity": 0.5753968253968255}