{"geo_code": "Australia other", "polarity": 0.05000000000000001, "subjectivity": 0.611111111111111}