{"geo_code": "great_mel", "polarity": 0.39687500000000003, "subjectivity": 0.4666666666666666}