{"geo_code": "Australia other", "polarity": 0.06666666666666667, "subjectivity": 0.26666666666666666}