{"geo_code": "great_syd", "polarity": -0.4124999999999999, "subjectivity": 0.5208333333333333}