{"geo_code": "great_mel", "polarity": 0.37777777777777777, "subjectivity": 0.5555555555555555}