{"geo_code": "Australia other", "polarity": 0.48303571428571423, "subjectivity": 0.5857142857142857}