{"geo_code": "great_brisbane", "polarity": 0.11742424242424243, "subjectivity": 0.30238095238095236}