{"geo_code": "great_mel", "polarity": -0.09523809523809523, "subjectivity": 0.5571428571428572}