{"geo_code": "great_mel", "polarity": 0.06041666666666667, "subjectivity": 0.5416666666666666}