{"geo_code": "great_mel", "polarity": 0.05357142857142857, "subjectivity": 0.38690476190476186}