{"geo_code": "great_brisbane", "polarity": 0.05666666666666668, "subjectivity": 0.4666666666666666}