{"geo_code": "great_ald", "polarity": 0.36000000000000004, "subjectivity": 0.5599999999999999}