{"geo_code": "great_mel", "polarity": -0.36458333333333337, "subjectivity": 0.5416666666666666}