{"geo_code": "great_syd", "polarity": -0.020138888888888894, "subjectivity": 0.2909722222222222}