{"geo_code": "great_syd", "polarity": 0.23454545454545456, "subjectivity": 0.40181818181818174}