{"geo_code": "Australia other", "polarity": 0.08484848484848484, "subjectivity": 0.2606060606060606}