{"geo_code": "great_brisbane", "polarity": 0.11190476190476191, "subjectivity": 0.3380952380952381}