{"geo_code": "great_syd", "polarity": -0.12222222222222223, "subjectivity": 0.5555555555555555}