{"geo_code": "great_syd", "polarity": -0.1333333333333333, "subjectivity": 0.4333333333333333}