{"geo_code": "great_mel", "polarity": -0.02916666666666666, "subjectivity": 0.44791666666666663}