{"geo_code": "great_ald", "polarity": -0.13333333333333333, "subjectivity": 0.5888888888888889}