{"geo_code": "great_syd", "polarity": -0.03888888888888888, "subjectivity": 0.6611111111111111}