{"geo_code": "great_brisbane", "polarity": -0.09848484848484848, "subjectivity": 0.5606060606060606}