{"geo_code": "great_syd", "polarity": 0.27777777777777773, "subjectivity": 0.5833333333333334}