{"geo_code": "great_brisbane", "polarity": 0.06666666666666667, "subjectivity": 0.5611111111111111}