{"geo_code": "great_ald", "polarity": -0.016666666666666673, "subjectivity": 0.5333333333333333}