{"geo_code": "great_syd", "polarity": -0.04166666666666665, "subjectivity": 0.7333333333333333}