{"geo_code": "great_syd", "polarity": 0.34242424242424246, "subjectivity": 0.5984848484848485}