{"geo_code": "great_mel", "polarity": 0.03333333333333333, "subjectivity": 0.09722222222222222}