{"geo_code": "great_syd", "polarity": 0.2888888888888889, "subjectivity": 0.32222222222222224}