{"geo_code": "Australia other", "polarity": 0.40625, "subjectivity": 0.6312500000000001}