{"geo_code": "great_syd", "polarity": 0.10000000000000003, "subjectivity": 0.5458333333333334}