{"geo_code": "great_syd", "polarity": 0.9099999999999999, "subjectivity": 0.7800000000000001}