{"geo_code": "great_brisbane", "polarity": -0.18888888888888888, "subjectivity": 0.37222222222222223}