{"geo_code": "great_mel", "polarity": -0.013095238095238113, "subjectivity": 0.6285714285714284}