{"geo_code": "Australia other", "polarity": 0.03125, "subjectivity": 0.6499999999999999}