{"geo_code": "Australia other", "polarity": 0.2111111111111111, "subjectivity": 0.5222222222222223}