{"geo_code": "great_brisbane", "polarity": 0.4121212121212121, "subjectivity": 0.6181818181818183}