{"geo_code": "Australia other", "polarity": 0.1765151515151515, "subjectivity": 0.7166666666666667}