{"geo_code": "great_mel", "polarity": -0.009027777777777775, "subjectivity": 0.43333333333333335}