{"geo_code": "Australia other", "polarity": 0.2222222222222222, "subjectivity": 0.611111111111111}