{"geo_code": "Australia other", "polarity": -0.23333333333333334, "subjectivity": 0.5333333333333333}