{"geo_code": "great_brisbane", "polarity": -0.041666666666666664, "subjectivity": 0.7833333333333333}