{"geo_code": "great_ald", "polarity": -0.3611111111111111, "subjectivity": 0.6805555555555555}