{"geo_code": "Australia other", "polarity": -0.1027777777777778, "subjectivity": 0.34444444444444444}