{"geo_code": "great_syd", "polarity": 0.37878787878787884, "subjectivity": 0.5181818181818182}