{"geo_code": "great_syd", "polarity": -0.04791666666666667, "subjectivity": 0.36041666666666666}