{"geo_code": "great_syd", "polarity": 0.10606060606060606, "subjectivity": 0.2239057239057239}