{"geo_code": "great_ald", "polarity": -0.011111111111111112, "subjectivity": 0.20833333333333334}