{"geo_code": "Australia other", "polarity": 0.3444444444444444, "subjectivity": 0.5944444444444444}