{"geo_code": "great_mel", "polarity": 0.022222222222222216, "subjectivity": 0.6666666666666666}