{"geo_code": "great_syd", "polarity": 0.011538461538461539, "subjectivity": 0.33461538461538465}