{"geo_code": "great_syd", "polarity": -0.13888888888888887, "subjectivity": 0.4222222222222222}