{"geo_code": "great_syd", "polarity": 0.03333333333333333, "subjectivity": 0.06666666666666667}