{"geo_code": "great_syd", "polarity": -0.12870370370370374, "subjectivity": 0.25925925925925924}