{"geo_code": "great_mel", "polarity": -0.41666666666666663, "subjectivity": 0.6666666666666666}