{"geo_code": "Australia other", "polarity": -0.15357142857142858, "subjectivity": 0.5059523809523809}