{"geo_code": "great_syd", "polarity": 0.01874999999999999, "subjectivity": 0.61875}