{"geo_code": "great_mel", "polarity": 0.32142857142857145, "subjectivity": 0.46428571428571425}