{"geo_code": "great_syd", "polarity": 0.05416666666666667, "subjectivity": 0.1958333333333333}