{"geo_code": "great_syd", "polarity": 0.002777777777777768, "subjectivity": 0.24722222222222223}