{"geo_code": "great_mel", "polarity": -0.06666666666666667, "subjectivity": 0.016666666666666666}