{"geo_code": "great_mel", "polarity": 0.31785714285714284, "subjectivity": 0.5428571428571429}