{"geo_code": "great_mel", "polarity": 0.2111111111111111, "subjectivity": 0.25555555555555554}