{"geo_code": "Australia other", "polarity": 0.18333333333333335, "subjectivity": 0.5499999999999999}