{"geo_code": "great_mel", "polarity": 0.05113636363636363, "subjectivity": 0.4602272727272727}