{"geo_code": "great_syd", "polarity": 0.4166666666666667, "subjectivity": 0.5333333333333333}