{"geo_code": "great_syd", "polarity": 0.020833333333333332, "subjectivity": 0.8666666666666667}