{"geo_code": "Australia other", "polarity": 0.09652777777777777, "subjectivity": 0.3444444444444445}