{"geo_code": "great_mel", "polarity": 0.21875, "subjectivity": 0.5458333333333334}