{"geo_code": "Australia other", "polarity": 0.04814814814814814, "subjectivity": 0.5296296296296297}