{"geo_code": "great_mel", "polarity": -0.2833333333333333, "subjectivity": 0.44166666666666665}