{"geo_code": "great_mel", "polarity": 0.40625, "subjectivity": 0.41666666666666663}