{"geo_code": "great_mel", "polarity": 0.5444444444444444, "subjectivity": 0.6444444444444445}