{"geo_code": "Australia other", "polarity": -0.06666666666666668, "subjectivity": 0.5888888888888889}