{"geo_code": "great_syd", "polarity": 0.15222222222222223, "subjectivity": 0.3377777777777778}