{"geo_code": "Australia other", "polarity": -0.513095238095238, "subjectivity": 0.6329365079365079}