{"geo_code": "great_mel", "polarity": 0.06000000000000001, "subjectivity": 0.41538461538461535}