{"geo_code": "great_brisbane", "polarity": -0.13333333333333333, "subjectivity": 0.5333333333333333}