{"geo_code": "great_syd", "polarity": -0.31666666666666665, "subjectivity": 0.4833333333333334}