{"geo_code": "great_syd", "polarity": 0.11666666666666668, "subjectivity": 0.1958333333333333}