{"geo_code": "great_brisbane", "polarity": -0.06944444444444445, "subjectivity": 0.3871527777777778}