{"geo_code": "great_brisbane", "polarity": 0.3333333333333333, "subjectivity": 0.3666666666666667}