{"geo_code": "great_syd", "polarity": 0.04643939393939394, "subjectivity": 0.5242424242424242}