{"geo_code": "Australia other", "polarity": -0.06874999999999999, "subjectivity": 0.54375}