{"geo_code": "great_syd", "polarity": 0.035416666666666666, "subjectivity": 0.27291666666666664}