{"geo_code": "great_brisbane", "polarity": -0.27936507936507937, "subjectivity": 0.5587301587301587}