{"geo_code": "Australia other", "polarity": -0.15714285714285714, "subjectivity": 0.7678571428571428}