{"geo_code": "great_mel", "polarity": 0.029166666666666674, "subjectivity": 0.55625}