{"geo_code": "great_brisbane", "polarity": -0.3055555555555555, "subjectivity": 0.8333333333333334}