{"geo_code": "great_mel", "polarity": -0.1555555555555556, "subjectivity": 0.5222222222222223}