{"geo_code": "Australia other", "polarity": -0.11750000000000001, "subjectivity": 0.33999999999999997}