{"geo_code": "great_mel", "polarity": 0.3333333333333333, "subjectivity": 0.6666666666666666}