{"geo_code": "great_brisbane", "polarity": -0.005555555555555557, "subjectivity": 0.4055555555555555}