{"geo_code": "great_brisbane", "polarity": 0.17222222222222222, "subjectivity": 0.49444444444444446}