{"geo_code": "Australia other", "polarity": 0.08888888888888889, "subjectivity": 0.7222222222222222}