{"geo_code": "great_brisbane", "polarity": 0.011111111111111112, "subjectivity": 0.35555555555555557}