{"geo_code": "Australia other", "polarity": 0.11432291666666666, "subjectivity": 0.18333333333333332}