{"geo_code": "great_mel", "polarity": 0.05333333333333334, "subjectivity": 0.5133333333333333}