{"geo_code": "great_mel", "polarity": 0.14027777777777775, "subjectivity": 0.4513888888888889}