{"geo_code": "Australia other", "polarity": -0.15000000000000002, "subjectivity": 0.30000000000000004}