{"geo_code": "great_syd", "polarity": -0.021666666666666667, "subjectivity": 0.14416666666666667}