{"geo_code": "great_mel", "polarity": 0.12222222222222223, "subjectivity": 0.4472222222222222}