{"geo_code": "Australia other", "polarity": -0.03255208333333333, "subjectivity": 0.06666666666666667}