{"geo_code": "great_mel", "polarity": 0.033333333333333326, "subjectivity": 0.6666666666666666}