{"geo_code": "great_mel", "polarity": -0.06249999999999999, "subjectivity": 0.41666666666666663}