{"geo_code": "great_syd", "polarity": 0.5694444444444445, "subjectivity": 0.45555555555555555}