{"geo_code": "great_brisbane", "polarity": 0.5672727272727272, "subjectivity": 0.6909090909090909}