{"geo_code": "great_ald", "polarity": 0.17708333333333331, "subjectivity": 0.5270833333333333}