{"geo_code": "Australia other", "polarity": -0.26349999999999996, "subjectivity": 0.6799999999999999}