{"geo_code": "great_syd", "polarity": -0.10972222222222223, "subjectivity": 0.3180555555555556}