{"geo_code": "great_mel", "polarity": 0.024999999999999994, "subjectivity": 0.4708333333333333}