{"geo_code": "great_mel", "polarity": 0.03148148148148147, "subjectivity": 0.42962962962962964}