{"geo_code": "great_mel", "polarity": 0.12222222222222222, "subjectivity": 0.5222222222222223}