{"geo_code": "Australia other", "polarity": 0.39166666666666666, "subjectivity": 0.6083333333333334}