{"geo_code": "Australia other", "polarity": -0.15555555555555556, "subjectivity": 0.35555555555555557}