{"geo_code": "great_syd", "polarity": -0.35833333333333334, "subjectivity": 0.39166666666666666}