{"geo_code": "Australia other", "polarity": -0.019999999999999997, "subjectivity": 0.6599999999999999}