{"geo_code": "great_syd", "polarity": 0.20000000000000004, "subjectivity": 0.5666666666666667}