{"geo_code": "Australia other", "polarity": 0.37500000000000006, "subjectivity": 0.5458333333333334}