{"geo_code": "great_mel", "polarity": 0.17777777777777778, "subjectivity": 0.7111111111111111}