{"geo_code": "Australia other", "polarity": 0.1787878787878788, "subjectivity": 0.5070707070707071}