{"geo_code": "great_brisbane", "polarity": 0.36666666666666664, "subjectivity": 0.33333333333333337}