{"geo_code": "great_syd", "polarity": 0.026428571428571423, "subjectivity": 0.2621428571428571}