{"geo_code": "great_mel", "polarity": 0.09166666666666667, "subjectivity": 0.5583333333333333}