{"geo_code": "great_syd", "polarity": 0.05656565656565656, "subjectivity": 0.17373737373737375}