{"geo_code": "Australia other", "polarity": 0.45499999999999996, "subjectivity": 0.8450000000000001}