{"geo_code": "great_mel", "polarity": -0.2777777777777778, "subjectivity": 0.4444444444444444}