{"geo_code": "Australia other", "polarity": -0.06666666666666665, "subjectivity": 0.1611111111111111}