{"geo_code": "great_mel", "polarity": -0.26799768518518524, "subjectivity": 0.362962962962963}