{"geo_code": "great_syd", "polarity": 0.1590909090909091, "subjectivity": 0.5984848484848485}