{"geo_code": "Australia other", "polarity": -0.2666666666666666, "subjectivity": 0.6888888888888888}