{"geo_code": "great_syd", "polarity": -0.19444444444444445, "subjectivity": 0.4666666666666667}