{"geo_code": "great_mel", "polarity": -0.00500000000000001, "subjectivity": 0.40499999999999997}