{"geo_code": "Australia other", "polarity": 0.09166666666666667, "subjectivity": 0.6398148148148148}