{"geo_code": "great_mel", "polarity": 0.13636363636363635, "subjectivity": 0.45454545454545453}