{"geo_code": "Australia other", "polarity": 0.24444444444444446, "subjectivity": 0.5083333333333333}