{"geo_code": "great_mel", "polarity": -0.187037037037037, "subjectivity": 0.6944444444444445}