{"geo_code": "great_mel", "polarity": 0.13106060606060607, "subjectivity": 0.29797979797979796}