{"geo_code": "great_mel", "polarity": 0.08333333333333331, "subjectivity": 0.762962962962963}