{"geo_code": "great_mel", "polarity": -0.08958333333333333, "subjectivity": 0.6270833333333333}