{"geo_code": "Australia other", "polarity": 0.13068181818181818, "subjectivity": 0.3333333333333333}