{"geo_code": "great_brisbane", "polarity": 0.1722222222222222, "subjectivity": 0.49444444444444446}