{"geo_code": "great_mel", "polarity": 0.20833333333333334, "subjectivity": 0.5416666666666666}