{"geo_code": "great_syd", "polarity": -0.1931818181818182, "subjectivity": 0.5848484848484848}