{"geo_code": "great_syd", "polarity": -0.009595959595959616, "subjectivity": 0.3944444444444445}