{"geo_code": "Australia other", "polarity": -0.011111111111111112, "subjectivity": 0.16666666666666666}