{"geo_code": "great_ald", "polarity": -0.4130208333333334, "subjectivity": 0.42500000000000004}