{"geo_code": "great_brisbane", "polarity": 0.16666666666666666, "subjectivity": 0.8666666666666667}