{"geo_code": "great_brisbane", "polarity": -0.15833333333333333, "subjectivity": 0.5666666666666667}