{"geo_code": "Australia other", "polarity": 0.11363636363636363, "subjectivity": 0.7727272727272727}