{"geo_code": "great_ald", "polarity": -0.24444444444444446, "subjectivity": 0.47777777777777775}