{"geo_code": "great_mel", "polarity": 0.05208333333333333, "subjectivity": 0.06666666666666667}