{"geo_code": "Australia other", "polarity": 0.10416666666666666, "subjectivity": 0.5208333333333333}