{"geo_code": "Australia other", "polarity": 0.016666666666666663, "subjectivity": 0.16666666666666666}