{"geo_code": "great_mel", "polarity": -0.036111111111111115, "subjectivity": 0.5416666666666666}