{"geo_code": "great_mel", "polarity": 0.1272727272727273, "subjectivity": 0.6709090909090909}