{"geo_code": "great_mel", "polarity": 0.4666666666666667, "subjectivity": 0.6666666666666667}