{"geo_code": "great_syd", "polarity": 0.06845238095238095, "subjectivity": 0.3601190476190476}