{"geo_code": "great_ald", "polarity": 0.24375000000000002, "subjectivity": 0.71875}