{"geo_code": "great_mel", "polarity": 0.08785714285714286, "subjectivity": 0.47928571428571426}