{"geo_code": "great_mel", "polarity": -0.26666666666666666, "subjectivity": 0.7999999999999999}