{"geo_code": "Australia other", "polarity": 0.13333333333333333, "subjectivity": 0.48095238095238096}