{"geo_code": "great_brisbane", "polarity": -0.09000000000000001, "subjectivity": 0.6666666666666666}