{"geo_code": "great_brisbane", "polarity": -0.3962962962962963, "subjectivity": 0.5777777777777778}