{"geo_code": "Australia other", "polarity": 0.010425685425685427, "subjectivity": 0.3416305916305917}