{"geo_code": "Australia other", "polarity": 0.25977272727272727, "subjectivity": 0.4709090909090909}