{"geo_code": "great_mel", "polarity": 0.39305555555555555, "subjectivity": 0.37777777777777777}