{"geo_code": "Australia other", "polarity": 0.04583333333333334, "subjectivity": 0.3416666666666667}