{"geo_code": "great_mel", "polarity": 0.4333333333333333, "subjectivity": 0.7333333333333333}