{"geo_code": "great_syd", "polarity": -0.043055555555555555, "subjectivity": 0.19722222222222224}