{"geo_code": "great_syd", "polarity": 0.11875000000000001, "subjectivity": 0.46875}