{"geo_code": "Australia other", "polarity": -0.25666666666666665, "subjectivity": 0.4333333333333333}