{"geo_code": "great_mel", "polarity": -0.11785714285714285, "subjectivity": 0.12023809523809523}