{"geo_code": "great_syd", "polarity": -0.07142857142857142, "subjectivity": 0.21428571428571427}