{"geo_code": "great_syd", "polarity": 0.6975446428571428, "subjectivity": 0.5357142857142857}