{"geo_code": "Australia other", "polarity": 0.23472222222222222, "subjectivity": 0.3944444444444445}