{"geo_code": "Australia other", "polarity": 0.2733333333333333, "subjectivity": 0.6266666666666667}