{"geo_code": "great_syd", "polarity": -0.03571428571428571, "subjectivity": 0.6071428571428571}