{"geo_code": "great_brisbane", "polarity": 0.1568181818181818, "subjectivity": 0.5363636363636364}