{"geo_code": "great_mel", "polarity": -0.1111111111111111, "subjectivity": 0.3277777777777778}