{"geo_code": "great_syd", "polarity": -0.3666666666666666, "subjectivity": 0.3333333333333333}