{"geo_code": "great_syd", "polarity": -0.13181818181818183, "subjectivity": 0.42727272727272725}