{"geo_code": "Australia other", "polarity": -0.30000000000000004, "subjectivity": 0.39999999999999997}