{"geo_code": "great_syd", "polarity": 0.17285714285714288, "subjectivity": 0.660952380952381}