{"geo_code": "great_syd", "polarity": -0.27083333333333337, "subjectivity": 0.43333333333333335}