{"geo_code": "great_ald", "polarity": -0.05954545454545455, "subjectivity": 0.44409090909090915}