{"geo_code": "great_mel", "polarity": -0.05833333333333333, "subjectivity": 0.5416666666666666}