{"geo_code": "Australia other", "polarity": -0.2604166666666667, "subjectivity": 0.3333333333333333}