{"geo_code": "Australia other", "polarity": 0.09722222222222222, "subjectivity": 0.13333333333333333}