{"geo_code": "Australia other", "polarity": 0.08333333333333333, "subjectivity": 0.1111111111111111}