{"geo_code": "Australia other", "polarity": 0.08750000000000001, "subjectivity": 0.2333333333333333}