{"geo_code": "Australia other", "polarity": 0.3398601398601399, "subjectivity": 0.5673076923076923}