{"geo_code": "great_syd", "polarity": -0.01249999999999999, "subjectivity": 0.37916666666666665}