{"geo_code": "great_syd", "polarity": 0.022222222222222227, "subjectivity": 0.06666666666666667}