{"geo_code": "great_syd", "polarity": 0.35714285714285715, "subjectivity": 0.5714285714285714}