{"geo_code": "great_syd", "polarity": 0.3642857142857143, "subjectivity": 0.39285714285714285}