{"geo_code": "Australia other", "polarity": 0.26666666666666666, "subjectivity": 0.3666666666666667}