{"geo_code": "Australia other", "polarity": 0.10416666666666667, "subjectivity": 0.3236111111111111}