{"geo_code": "great_syd", "polarity": 0.4222222222222222, "subjectivity": 0.5833333333333334}