{"geo_code": "great_mel", "polarity": 6.938893903907228e-18, "subjectivity": 0.09166666666666667}