{"geo_code": "great_mel", "polarity": 0.22333333333333333, "subjectivity": 0.5599999999999999}