{"geo_code": "great_mel", "polarity": -0.09444444444444439, "subjectivity": 0.4222222222222222}