{"geo_code": "great_mel", "polarity": -0.3888888888888889, "subjectivity": 0.8333333333333334}