{"geo_code": "great_mel", "polarity": -0.7812500000000001, "subjectivity": 0.8666666666666667}