{"geo_code": "great_syd", "polarity": -0.4666666666666667, "subjectivity": 0.7833333333333333}