{"geo_code": "great_syd", "polarity": 0.29166666666666663, "subjectivity": 0.541005291005291}