{"geo_code": "great_mel", "polarity": -0.03255208333333333, "subjectivity": 0.03333333333333333}