{"geo_code": "great_syd", "polarity": -0.04111111111111111, "subjectivity": 0.3477777777777778}