{"geo_code": "great_mel", "polarity": -0.27976190476190477, "subjectivity": 0.9523809523809524}