{"geo_code": "great_mel", "polarity": 0.1285714285714286, "subjectivity": 0.4581632653061224}