{"geo_code": "Australia other", "polarity": 0.35714285714285715, "subjectivity": 0.6714285714285715}