{"geo_code": "great_brisbane", "polarity": 0.18333333333333332, "subjectivity": 0.4479166666666667}