{"geo_code": "Australia other", "polarity": 0.2333333333333333, "subjectivity": 0.2888888888888889}