{"geo_code": "great_ald", "polarity": 0.1340909090909091, "subjectivity": 0.5108585858585859}