{"geo_code": "great_brisbane", "polarity": -0.7142857142857143, "subjectivity": 0.8571428571428571}