{"geo_code": "great_brisbane", "polarity": 0.09166666666666666, "subjectivity": 0.5833333333333333}