{"geo_code": "great_ald", "polarity": -0.16825396825396824, "subjectivity": 0.37142857142857144}