{"geo_code": "Australia other", "polarity": -0.40166666666666667, "subjectivity": 0.7150000000000001}