{"geo_code": "great_mel", "polarity": 0.1702020202020202, "subjectivity": 0.3608585858585859}