{"geo_code": "great_mel", "polarity": -0.11944444444444445, "subjectivity": 0.5166666666666667}