{"geo_code": "Australia other", "polarity": -0.15185185185185182, "subjectivity": 0.5962962962962963}