{"geo_code": "great_brisbane", "polarity": -0.22341269841269837, "subjectivity": 0.5234126984126984}