{"geo_code": "Australia other", "polarity": 0.2111111111111111, "subjectivity": 0.3666666666666667}