{"geo_code": "great_brisbane", "polarity": -0.025694444444444426, "subjectivity": 0.5916666666666667}