{"geo_code": "great_syd", "polarity": 0.2722222222222222, "subjectivity": 0.4611111111111111}