{"geo_code": "Australia other", "polarity": 0.06111111111111111, "subjectivity": 0.5347222222222222}