{"geo_code": "great_mel", "polarity": 0.2333333333333333, "subjectivity": 0.4666666666666666}