{"geo_code": "great_mel", "polarity": -0.07777777777777779, "subjectivity": 0.29444444444444445}