{"geo_code": "great_mel", "polarity": -0.6071428571428572, "subjectivity": 0.9285714285714286}