{"geo_code": "great_syd", "polarity": 0.23090187590187586, "subjectivity": 0.7483766233766233}