{"geo_code": "great_mel", "polarity": -0.08806818181818182, "subjectivity": 0.5710227272727273}