{"geo_code": "great_syd", "polarity": 0.011111111111111106, "subjectivity": 0.44722222222222224}