{"geo_code": "great_syd", "polarity": 0.3571428571428571, "subjectivity": 0.5357142857142857}