{"geo_code": "great_syd", "polarity": 0.14583333333333334, "subjectivity": 0.4458333333333333}