{"geo_code": "Australia other", "polarity": -0.21000000000000002, "subjectivity": 0.24000000000000005}