{"geo_code": "Australia other", "polarity": -0.18181818181818182, "subjectivity": 0.7272727272727273}