{"geo_code": "Australia other", "polarity": 0.351010101010101, "subjectivity": 0.48484848484848486}