{"geo_code": "great_syd", "polarity": 0.15694444444444444, "subjectivity": 0.3458333333333334}