{"geo_code": "great_brisbane", "polarity": 0.004166666666666666, "subjectivity": 0.5392857142857144}