{"geo_code": "Australia other", "polarity": -0.041666666666666664, "subjectivity": 0.16666666666666666}