{"geo_code": "Australia other", "polarity": -0.004166666666666659, "subjectivity": 0.5791666666666666}