{"geo_code": "great_mel", "polarity": 0.016666666666666666, "subjectivity": 0.08333333333333334}