{"geo_code": "great_mel", "polarity": 0.26785714285714285, "subjectivity": 0.7678571428571428}