{"geo_code": "Australia other", "polarity": 0.28125, "subjectivity": 0.42083333333333334}