{"geo_code": "great_brisbane", "polarity": 0.4928571428571428, "subjectivity": 0.5678571428571428}