{"geo_code": "great_mel", "polarity": -0.029166666666666664, "subjectivity": 0.31527777777777777}