{"geo_code": "great_brisbane", "polarity": 0.13373015873015878, "subjectivity": 0.43373015873015874}