{"geo_code": "Australia other", "polarity": -0.11388888888888887, "subjectivity": 0.4444444444444444}