{"geo_code": "Australia other", "polarity": 0.3166666666666667, "subjectivity": 0.6166666666666666}