{"geo_code": "great_brisbane", "polarity": 0.32999999999999996, "subjectivity": 0.47000000000000003}