{"geo_code": "great_brisbane", "polarity": 0.4666666666666667, "subjectivity": 0.8333333333333333}