{"geo_code": "great_brisbane", "polarity": 0.18727272727272726, "subjectivity": 0.2909090909090909}