{"geo_code": "great_syd", "polarity": -0.07142857142857144, "subjectivity": 0.5119047619047619}