{"geo_code": "great_brisbane", "polarity": 0.10185185185185185, "subjectivity": 0.362962962962963}