{"geo_code": "great_syd", "polarity": 0.21717171717171715, "subjectivity": 0.297979797979798}