{"geo_code": "great_ald", "polarity": -0.13333333333333336, "subjectivity": 0.16666666666666669}