{"geo_code": "great_syd", "polarity": 0.2708333333333333, "subjectivity": 0.6166666666666667}