{"geo_code": "great_mel", "polarity": 0.3989583333333333, "subjectivity": 0.7277777777777777}