{"geo_code": "great_brisbane", "polarity": 0.10227272727272727, "subjectivity": 0.46590909090909094}