{"geo_code": "great_syd", "polarity": 0.05222222222222221, "subjectivity": 0.4677777777777778}