{"geo_code": "great_mel", "polarity": 0.22499999999999998, "subjectivity": 0.7444444444444445}