{"geo_code": "great_mel", "polarity": 0.35555555555555557, "subjectivity": 0.6296296296296297}