{"geo_code": "great_brisbane", "polarity": 0.2916666666666667, "subjectivity": 0.7000000000000001}