{"geo_code": "great_ald", "polarity": 0.08055555555555556, "subjectivity": 0.5555555555555555}