{"geo_code": "great_syd", "polarity": 0.1619047619047619, "subjectivity": 0.4785714285714286}