{"geo_code": "Australia other", "polarity": -0.2740740740740741, "subjectivity": 0.5055555555555556}