{"geo_code": "Australia other", "polarity": 0.025220959595959592, "subjectivity": 0.3824074074074074}