{"geo_code": "great_syd", "polarity": -0.12045454545454545, "subjectivity": 0.4903846153846154}