{"geo_code": "great_syd", "polarity": 0.011111111111111112, "subjectivity": 0.2222222222222222}