{"geo_code": "Australia other", "polarity": 0.033333333333333354, "subjectivity": 0.5833333333333333}