{"geo_code": "great_mel", "polarity": -0.12499999999999999, "subjectivity": 0.5708333333333333}