{"geo_code": "great_ald", "polarity": 0.41818181818181815, "subjectivity": 0.5272727272727273}