{"geo_code": "great_syd", "polarity": -0.023333333333333334, "subjectivity": 0.29333333333333333}