{"geo_code": "great_syd", "polarity": 0.12569444444444444, "subjectivity": 0.3138888888888889}