{"geo_code": "great_brisbane", "polarity": -0.20833333333333334, "subjectivity": 0.35833333333333334}