{"geo_code": "Australia other", "polarity": 0.02857142857142858, "subjectivity": 0.6547619047619048}