{"geo_code": "great_mel", "polarity": -0.18611111111111112, "subjectivity": 0.40277777777777773}