{"geo_code": "great_brisbane", "polarity": -0.24444444444444446, "subjectivity": 0.42777777777777776}