{"geo_code": "great_brisbane", "polarity": 0.06944444444444443, "subjectivity": 0.3728632478632478}