{"geo_code": "great_brisbane", "polarity": -0.15555555555555559, "subjectivity": 0.2888888888888889}