{"geo_code": "great_mel", "polarity": -0.1284722222222222, "subjectivity": 0.5777777777777778}