{"geo_code": "great_syd", "polarity": -0.0128968253968254, "subjectivity": 0.3711309523809524}