{"geo_code": "great_syd", "polarity": 0.01117424242424242, "subjectivity": 0.434767316017316}