{"geo_code": "Australia other", "polarity": 0.10833333333333335, "subjectivity": 0.5611111111111111}