{"geo_code": "great_syd", "polarity": 0.06818181818181818, "subjectivity": 0.2772727272727273}