{"geo_code": "great_mel", "polarity": -0.20454545454545456, "subjectivity": 0.38484848484848483}