{"geo_code": "great_brisbane", "polarity": -0.16666666666666666, "subjectivity": 0.3333333333333333}