{"geo_code": "great_mel", "polarity": 0.1782051282051282, "subjectivity": 0.3824786324786325}