{"geo_code": "great_brisbane", "polarity": 0.07999999999999999, "subjectivity": 0.2833333333333333}