{"geo_code": "Australia other", "polarity": -0.24722222222222226, "subjectivity": 0.34444444444444444}