{"geo_code": "great_brisbane", "polarity": -0.1691919191919192, "subjectivity": 0.45404040404040397}