{"geo_code": "Australia other", "polarity": -0.04120370370370371, "subjectivity": 0.3828703703703704}