{"geo_code": "Australia other", "polarity": 0.06190476190476191, "subjectivity": 0.32857142857142857}