{"geo_code": "great_mel", "polarity": -0.05555555555555555, "subjectivity": 0.35555555555555557}