{"geo_code": "great_ald", "polarity": -0.006249999999999999, "subjectivity": 0.28541666666666665}