{"geo_code": "great_syd", "polarity": 0.20833333333333331, "subjectivity": 0.2692307692307692}