{"geo_code": "great_syd", "polarity": 0.20249999999999999, "subjectivity": 0.44000000000000006}