{"geo_code": "great_mel", "polarity": -0.14444444444444446, "subjectivity": 0.1444444444444444}