{"geo_code": "great_mel", "polarity": 0.06760204081632652, "subjectivity": 0.3017290249433106}