{"geo_code": "great_ald", "polarity": -0.12916666666666668, "subjectivity": 0.30416666666666664}