{"geo_code": "Australia other", "polarity": -0.10000000000000002, "subjectivity": 0.7666666666666666}