{"geo_code": "great_syd", "polarity": 0.20555555555555557, "subjectivity": 0.9166666666666667}