{"geo_code": "great_brisbane", "polarity": 0.06805555555555555, "subjectivity": 0.5458333333333333}