{"geo_code": "great_syd", "polarity": 0.24166666666666667, "subjectivity": 0.5416666666666666}