{"geo_code": "great_ald", "polarity": 0.1761111111111111, "subjectivity": 0.3377777777777778}