{"geo_code": "great_brisbane", "polarity": -0.02037037037037039, "subjectivity": 0.375925925925926}