{"geo_code": "great_syd", "polarity": -0.0024801587301587213, "subjectivity": 0.6266865079365078}