{"geo_code": "great_mel", "polarity": 0.2733333333333333, "subjectivity": 0.4533333333333333}