{"geo_code": "great_syd", "polarity": -0.16319444444444445, "subjectivity": 0.6138888888888889}