{"geo_code": "Australia other", "polarity": 0.5270833333333333, "subjectivity": 0.5666666666666668}