{"geo_code": "great_syd", "polarity": 0.35648148148148145, "subjectivity": 0.5962962962962962}