{"geo_code": "great_mel", "polarity": 0.18888888888888888, "subjectivity": 0.6157777777777779}