{"geo_code": "Australia other", "polarity": -0.15611979166666667, "subjectivity": 0.48333333333333334}