{"geo_code": "great_mel", "polarity": -0.22222222222222224, "subjectivity": 0.2388888888888889}