{"geo_code": "great_syd", "polarity": 0.037272727272727256, "subjectivity": 0.48090909090909084}