{"geo_code": "Australia other", "polarity": -0.1502840909090909, "subjectivity": 0.48863636363636365}