{"geo_code": "Australia other", "polarity": -0.41666666666666663, "subjectivity": 0.6666666666666666}