{"geo_code": "great_mel", "polarity": -0.0041666666666666675, "subjectivity": 0.3488095238095238}