{"geo_code": "great_brisbane", "polarity": -0.11282051282051282, "subjectivity": 0.7006410256410256}