{"geo_code": "great_syd", "polarity": 0.2333333333333333, "subjectivity": 0.46666666666666673}