{"geo_code": "great_mel", "polarity": 0.19999999999999996, "subjectivity": 0.7250000000000001}