{"geo_code": "great_syd", "polarity": -0.008333333333333304, "subjectivity": 0.6833333333333333}