{"geo_code": "great_syd", "polarity": -0.11666666666666665, "subjectivity": 0.39999999999999997}