{"geo_code": "Australia other", "polarity": -0.13181818181818183, "subjectivity": 0.5772727272727273}