{"geo_code": "great_syd", "polarity": 0.014814814814814808, "subjectivity": 0.4962962962962963}