{"geo_code": "great_brisbane", "polarity": 0.01666666666666668, "subjectivity": 0.6166666666666666}