{"geo_code": "Australia other", "polarity": 0.11666666666666665, "subjectivity": 0.18333333333333335}