{"geo_code": "great_mel", "polarity": 0.05555555555555556, "subjectivity": 0.5388888888888889}