{"geo_code": "Australia other", "polarity": 0.2388888888888889, "subjectivity": 0.4694444444444444}