{"geo_code": "Australia other", "polarity": 0.10517676767676766, "subjectivity": 0.5917929292929293}