{"geo_code": "great_brisbane", "polarity": 0.11818181818181818, "subjectivity": 0.7272727272727273}