{"geo_code": "great_mel", "polarity": 0.01759259259259258, "subjectivity": 0.4898148148148148}