{"geo_code": "great_syd", "polarity": 0.06944444444444443, "subjectivity": 0.43611111111111117}