{"geo_code": "great_mel", "polarity": -0.48809523809523814, "subjectivity": 0.7523809523809524}