{"geo_code": "great_syd", "polarity": 0.18571428571428572, "subjectivity": 0.5142857142857143}