{"geo_code": "Australia other", "polarity": 0.0648148148148148, "subjectivity": 0.612962962962963}