{"geo_code": "Australia other", "polarity": 0.12864583333333335, "subjectivity": 0.43333333333333335}