{"geo_code": "great_syd", "polarity": -0.4428571428571429, "subjectivity": 0.5204761904761904}