{"geo_code": "great_mel", "polarity": -0.4777777777777778, "subjectivity": 0.5944444444444444}