{"geo_code": "Australia other", "polarity": 0.16818181818181818, "subjectivity": 0.6772727272727272}