{"geo_code": "Australia other", "polarity": -0.3666666666666667, "subjectivity": 0.6333333333333333}