{"geo_code": "great_brisbane", "polarity": 0.014080808080808083, "subjectivity": 0.4858434343434344}