{"geo_code": "great_syd", "polarity": 0.09166666666666667, "subjectivity": 0.2958333333333334}