{"geo_code": "great_brisbane", "polarity": -0.011111111111111117, "subjectivity": 0.21777777777777776}