{"geo_code": "great_syd", "polarity": 0.3666666666666667, "subjectivity": 0.7333333333333334}