{"geo_code": "great_syd", "polarity": -0.10555555555555556, "subjectivity": 0.7000000000000001}