{"geo_code": "Australia other", "polarity": 0.07314814814814814, "subjectivity": 0.387962962962963}