{"geo_code": "Australia other", "polarity": -0.14732142857142858, "subjectivity": 0.4330357142857143}