{"geo_code": "great_syd", "polarity": 0.06753246753246753, "subjectivity": 0.45238095238095244}