{"geo_code": "Australia other", "polarity": 0.19618055555555558, "subjectivity": 0.5666666666666667}