{"geo_code": "great_mel", "polarity": 0.49714285714285716, "subjectivity": 0.6471428571428571}