{"geo_code": "great_brisbane", "polarity": 0.0010978835978835838, "subjectivity": 0.5699338624338625}