{"geo_code": "Australia other", "polarity": 0.1571428571428571, "subjectivity": 0.22380952380952382}