{"geo_code": "great_mel", "polarity": -0.12121212121212122, "subjectivity": 0.48484848484848486}