{"geo_code": "Australia other", "polarity": 0.2708333333333333, "subjectivity": 0.3666666666666667}