{"geo_code": "great_mel", "polarity": -0.20000000000000004, "subjectivity": 0.6666666666666666}