{"geo_code": "Australia other", "polarity": 0.17777777777777778, "subjectivity": 0.48055555555555557}