{"geo_code": "great_syd", "polarity": -0.18333333333333335, "subjectivity": 0.3277777777777778}