{"geo_code": "great_mel", "polarity": 0.14666666666666667, "subjectivity": 0.41166666666666674}