{"geo_code": "Australia other", "polarity": -0.15185185185185188, "subjectivity": 0.22962962962962963}