{"geo_code": "great_syd", "polarity": 0.19259259259259262, "subjectivity": 0.562962962962963}