{"geo_code": "Australia other", "polarity": -0.21666666666666665, "subjectivity": 0.2555555555555556}