{"geo_code": "Australia other", "polarity": 0.46666666666666673, "subjectivity": 0.7962962962962963}