{"geo_code": "Australia other", "polarity": 0.23714285714285716, "subjectivity": 0.6349206349206349}