{"geo_code": "Australia other", "polarity": 0.03095238095238095, "subjectivity": 0.3142857142857143}