{"geo_code": "Australia other", "polarity": 0.02857142857142858, "subjectivity": 0.42857142857142855}