{"geo_code": "great_mel", "polarity": 0.39999999999999997, "subjectivity": 0.4000000000000001}