{"geo_code": "Australia other", "polarity": 0.36874999999999997, "subjectivity": 0.4055555555555555}