{"geo_code": "great_brisbane", "polarity": -0.2653846153846154, "subjectivity": 0.4307692307692308}