{"geo_code": "great_brisbane", "polarity": 0.18148148148148147, "subjectivity": 0.4962962962962963}