{"geo_code": "great_mel", "polarity": 0.04545454545454545, "subjectivity": 0.15151515151515152}