{"geo_code": "great_ald", "polarity": 0.15916982323232323, "subjectivity": 0.37436868686868685}