{"geo_code": "great_syd", "polarity": -0.5000000000000001, "subjectivity": 0.8666666666666667}