{"geo_code": "Australia other", "polarity": 0.17857142857142858, "subjectivity": 0.2857142857142857}