{"geo_code": "great_mel", "polarity": -0.0062500000000000056, "subjectivity": 0.38125}