{"geo_code": "great_mel", "polarity": 0.43333333333333335, "subjectivity": 0.5916666666666667}