{"geo_code": "great_mel", "polarity": 0.09065656565656566, "subjectivity": 0.2686868686868687}