{"geo_code": "Australia other", "polarity": -0.07777777777777779, "subjectivity": 0.5194444444444445}