{"geo_code": "Australia other", "polarity": 0.16488095238095238, "subjectivity": 0.4480654761904762}