{"geo_code": "Australia other", "polarity": -0.12354497354497353, "subjectivity": 0.4473544973544974}