{"geo_code": "great_syd", "polarity": 0.033333333333333326, "subjectivity": 0.6000000000000001}