{"geo_code": "great_syd", "polarity": 0.26166666666666666, "subjectivity": 0.38500000000000006}