{"geo_code": "Australia other", "polarity": 0.32916666666666666, "subjectivity": 0.3333333333333333}