{"geo_code": "great_mel", "polarity": 0.06777777777777777, "subjectivity": 0.5655555555555556}