{"geo_code": "great_syd", "polarity": 0.15238095238095237, "subjectivity": 0.4904761904761905}