{"geo_code": "great_syd", "polarity": -0.09999999999999999, "subjectivity": 0.6333333333333333}