{"geo_code": "Australia other", "polarity": 0.21666666666666667, "subjectivity": 0.4166666666666667}