{"geo_code": "Australia other", "polarity": 0.10060606060606062, "subjectivity": 0.3509090909090909}