{"geo_code": "great_mel", "polarity": 0.16666666666666666, "subjectivity": 0.5333333333333333}