{"geo_code": "great_mel", "polarity": 0.039999999999999994, "subjectivity": 0.44000000000000006}