{"geo_code": "great_syd", "polarity": -0.05238095238095238, "subjectivity": 0.4071428571428572}