{"geo_code": "great_brisbane", "polarity": 0.17222222222222222, "subjectivity": 0.3944444444444445}