{"geo_code": "Australia other", "polarity": -0.18333333333333335, "subjectivity": 0.6291666666666667}