{"geo_code": "Australia other", "polarity": 0.2681818181818182, "subjectivity": 0.6272727272727273}