{"geo_code": "great_mel", "polarity": 0.05476190476190477, "subjectivity": 0.4329365079365079}