{"geo_code": "great_syd", "polarity": -0.08888888888888888, "subjectivity": 0.5472222222222222}