{"geo_code": "Australia other", "polarity": 0.5166666666666667, "subjectivity": 0.18333333333333332}