{"geo_code": "great_mel", "polarity": 0.1795138888888889, "subjectivity": 0.4222222222222222}