{"geo_code": "great_mel", "polarity": 0.23125, "subjectivity": 0.5520833333333333}