{"geo_code": "great_syd", "polarity": -0.10138888888888889, "subjectivity": 0.4013888888888889}