{"geo_code": "Australia other", "polarity": -0.15999999999999998, "subjectivity": 0.6799999999999999}