{"geo_code": "great_mel", "polarity": -0.049999999999999996, "subjectivity": 0.4523809523809524}