{"geo_code": "great_ald", "polarity": -0.4340909090909091, "subjectivity": 0.6272727272727273}