{"geo_code": "Australia other", "polarity": 0.3181818181818182, "subjectivity": 0.4772727272727273}