{"geo_code": "great_mel", "polarity": 0.058333333333333334, "subjectivity": 0.23333333333333334}