{"geo_code": "Australia other", "polarity": 0.5833333333333334, "subjectivity": 0.7666666666666666}