{"geo_code": "great_syd", "polarity": 0.4333333333333333, "subjectivity": 0.7666666666666666}