{"geo_code": "Australia other", "polarity": 0.21212121212121213, "subjectivity": 0.6515151515151515}