{"geo_code": "Australia other", "polarity": 0.046843434343434326, "subjectivity": 0.3417929292929293}