{"geo_code": "Australia other", "polarity": 0.019999999999999983, "subjectivity": 0.2833333333333334}