{"geo_code": "Australia other", "polarity": 0.1638095238095238, "subjectivity": 0.30547619047619046}