{"geo_code": "great_syd", "polarity": 0.12159090909090908, "subjectivity": 0.5608585858585858}