{"geo_code": "great_ald", "polarity": 0.03571428571428571, "subjectivity": 0.21428571428571427}