{"geo_code": "great_brisbane", "polarity": 0.2166666666666667, "subjectivity": 0.3704081632653062}