{"geo_code": "great_syd", "polarity": -0.02817460317460316, "subjectivity": 0.41111111111111115}