{"geo_code": "great_syd", "polarity": -0.041666666666666664, "subjectivity": 0.5583333333333333}