{"geo_code": "Australia other", "polarity": 0.06510416666666666, "subjectivity": 0.06666666666666667}