{"geo_code": "Australia other", "polarity": 0.26875, "subjectivity": 0.5166666666666666}