{"geo_code": "great_mel", "polarity": 0.11249999999999999, "subjectivity": 0.4104166666666667}