{"geo_code": "great_syd", "polarity": 0.09659090909090909, "subjectivity": 0.29696969696969694}