{"geo_code": "great_mel", "polarity": 0.08333333333333333, "subjectivity": 0.5046296296296297}