{"geo_code": "great_syd", "polarity": -0.39583333333333337, "subjectivity": 0.7708333333333333}