{"geo_code": "great_mel", "polarity": 0.28863636363636364, "subjectivity": 0.5477272727272727}