{"geo_code": "Australia other", "polarity": -0.026666666666666682, "subjectivity": 0.31999999999999995}