{"geo_code": "great_syd", "polarity": -0.22499999999999992, "subjectivity": 0.7583333333333333}