{"geo_code": "great_ald", "polarity": -0.0773989898989899, "subjectivity": 0.39785353535353535}