{"geo_code": "great_syd", "polarity": 0.0590909090909091, "subjectivity": 0.23446969696969694}