{"geo_code": "great_syd", "polarity": 0.10208333333333335, "subjectivity": 0.22916666666666666}