{"geo_code": "great_mel", "polarity": -0.3426339285714286, "subjectivity": 0.5580357142857143}