{"geo_code": "great_brisbane", "polarity": -0.033333333333333326, "subjectivity": 0.8333333333333334}