{"geo_code": "great_syd", "polarity": 0.09676767676767677, "subjectivity": 0.4553535353535354}