{"geo_code": "great_mel", "polarity": -0.22045454545454543, "subjectivity": 0.5674242424242425}