{"geo_code": "Australia other", "polarity": -0.14305555555555557, "subjectivity": 0.8402777777777777}