{"geo_code": "great_brisbane", "polarity": -0.19999999999999998, "subjectivity": 0.36333333333333334}