{"geo_code": "great_brisbane", "polarity": -0.23124999999999998, "subjectivity": 0.64375}