{"geo_code": "Australia other", "polarity": 0.02666666666666668, "subjectivity": 0.2683333333333333}