{"geo_code": "great_mel", "polarity": 0.36607142857142855, "subjectivity": 0.4452380952380952}