{"geo_code": "great_brisbane", "polarity": 0.17045454545454544, "subjectivity": 0.45454545454545453}