{"geo_code": "great_brisbane", "polarity": 0.10202020202020201, "subjectivity": 0.3252525252525253}