{"geo_code": "great_syd", "polarity": 0.21111111111111114, "subjectivity": 0.48888888888888893}