{"geo_code": "great_syd", "polarity": 0.6599999999999999, "subjectivity": 0.8899999999999999}