{"geo_code": "great_brisbane", "polarity": 0.3954545454545455, "subjectivity": 0.5626262626262627}