{"geo_code": "great_brisbane", "polarity": -0.15904761904761908, "subjectivity": 0.543968253968254}