{"geo_code": "great_brisbane", "polarity": 0.5708333333333333, "subjectivity": 0.6416666666666666}