{"geo_code": "great_mel", "polarity": -0.06606060606060607, "subjectivity": 0.44333333333333325}