{"geo_code": "Australia other", "polarity": -0.5379464285714286, "subjectivity": 0.8861607142857143}