{"geo_code": "great_syd", "polarity": 0.08888888888888889, "subjectivity": 0.29444444444444445}