{"geo_code": "great_syd", "polarity": 0.07333333333333333, "subjectivity": 0.5599999999999999}