{"geo_code": "great_mel", "polarity": -0.17121212121212123, "subjectivity": 0.48484848484848486}