{"geo_code": "Australia other", "polarity": -0.13214285714285715, "subjectivity": 0.8482142857142857}