{"geo_code": "great_syd", "polarity": -0.048958333333333326, "subjectivity": 0.36875}