{"geo_code": "Australia other", "polarity": 0.24431818181818182, "subjectivity": 0.5196969696969697}