{"geo_code": "Australia other", "polarity": 0.06818181818181818, "subjectivity": 0.3522727272727273}