{"geo_code": "Australia other", "polarity": -0.3878787878787879, "subjectivity": 0.7515151515151515}