{"geo_code": "Australia other", "polarity": -0.2833333333333333, "subjectivity": 0.3333333333333333}