{"geo_code": "great_mel", "polarity": 0.3291666666666667, "subjectivity": 0.6783333333333333}