{"geo_code": "Australia other", "polarity": 0.02095959595959595, "subjectivity": 0.3108585858585859}