{"geo_code": "great_syd", "polarity": 0.03666666666666667, "subjectivity": 0.38666666666666666}