{"geo_code": "great_mel", "polarity": 0.005469696969696969, "subjectivity": 0.5006666666666666}