{"geo_code": "great_syd", "polarity": 0.05555555555555556, "subjectivity": 0.13333333333333333}