{"geo_code": "Australia other", "polarity": 0.0828125, "subjectivity": 0.4270833333333333}