{"geo_code": "great_syd", "polarity": -0.020000000000000007, "subjectivity": 0.23333333333333334}