{"geo_code": "great_mel", "polarity": 0.21103896103896103, "subjectivity": 0.4951298701298701}