{"geo_code": "great_mel", "polarity": -0.35714285714285715, "subjectivity": 0.42857142857142855}