{"geo_code": "great_mel", "polarity": 0.21214285714285713, "subjectivity": 0.18714285714285714}