{"geo_code": "great_mel", "polarity": -0.14583333333333334, "subjectivity": 0.3333333333333333}