{"geo_code": "Australia other", "polarity": -0.07222222222222222, "subjectivity": 0.5666666666666667}