{"geo_code": "great_syd", "polarity": 0.11904761904761905, "subjectivity": 0.3452380952380952}