{"geo_code": "great_syd", "polarity": 0.20785714285714282, "subjectivity": 0.6834920634920635}