{"geo_code": "great_ald", "polarity": -0.09999999999999994, "subjectivity": 0.5388888888888889}