{"geo_code": "Australia other", "polarity": 0.10833333333333334, "subjectivity": 0.16666666666666666}