{"geo_code": "great_syd", "polarity": 0.13333333333333333, "subjectivity": 0.5666666666666667}