{"geo_code": "great_mel", "polarity": 0.17083333333333334, "subjectivity": 0.5083333333333334}