{"geo_code": "great_mel", "polarity": 0.11393939393939392, "subjectivity": 0.7316666666666667}