{"geo_code": "great_syd", "polarity": -0.007936507936507938, "subjectivity": 0.2392857142857143}