{"geo_code": "Australia other", "polarity": 0.30666666666666664, "subjectivity": 0.3933333333333333}