{"geo_code": "great_mel", "polarity": -0.14343434343434344, "subjectivity": 0.4737373737373738}