{"geo_code": "Australia other", "polarity": 0.11666666666666667, "subjectivity": 0.13333333333333333}