{"geo_code": "great_brisbane", "polarity": 0.15277777777777776, "subjectivity": 0.3944444444444445}