{"geo_code": "great_syd", "polarity": 0.004761904761904745, "subjectivity": 0.33809523809523817}