{"geo_code": "great_syd", "polarity": 0.10416666666666666, "subjectivity": 0.5729166666666666}