{"geo_code": "great_brisbane", "polarity": 0.08511904761904764, "subjectivity": 0.5178571428571429}