{"geo_code": "great_syd", "polarity": -0.07777777777777779, "subjectivity": 0.14444444444444446}