{"geo_code": "Australia other", "polarity": -0.41250000000000003, "subjectivity": 0.45555555555555555}