{"geo_code": "great_mel", "polarity": 0.044507575757575746, "subjectivity": 0.540719696969697}