{"geo_code": "Australia other", "polarity": 0.18888888888888888, "subjectivity": 0.561111111111111}