{"geo_code": "great_brisbane", "polarity": 0.3458333333333334, "subjectivity": 0.6939814814814814}