{"geo_code": "great_mel", "polarity": 0.0890151515151515, "subjectivity": 0.2833333333333333}