{"geo_code": "great_brisbane", "polarity": 0.022222222222222216, "subjectivity": 0.7777777777777777}