{"geo_code": "great_syd", "polarity": -0.15476190476190477, "subjectivity": 0.3968253968253968}