{"geo_code": "great_mel", "polarity": -0.2285714285714286, "subjectivity": 0.4892857142857142}