{"geo_code": "great_mel", "polarity": -0.047619047619047616, "subjectivity": 0.8571428571428571}