{"geo_code": "great_mel", "polarity": -0.13232323232323231, "subjectivity": 0.5404040404040404}