{"geo_code": "great_ald", "polarity": 0.06875, "subjectivity": 0.6416666666666666}