{"geo_code": "Australia other", "polarity": 0.08148148148148147, "subjectivity": 0.262962962962963}