{"geo_code": "great_syd", "polarity": -0.056249999999999994, "subjectivity": 0.59375}