{"geo_code": "great_brisbane", "polarity": 0.464935064935065, "subjectivity": 0.6987012987012987}