{"geo_code": "great_syd", "polarity": 0.16212121212121214, "subjectivity": 0.5348484848484848}