{"geo_code": "great_mel", "polarity": 0.012500000000000011, "subjectivity": 0.3520833333333333}