{"geo_code": "great_syd", "polarity": -0.00045454545454545747, "subjectivity": 0.3368181818181818}