{"geo_code": "great_syd", "polarity": 0.17666666666666667, "subjectivity": 0.4533333333333333}