{"geo_code": "great_syd", "polarity": 0.3333333333333333, "subjectivity": 0.30000000000000004}