{"geo_code": "Australia other", "polarity": -0.02916666666666666, "subjectivity": 0.29444444444444445}