{"geo_code": "Australia other", "polarity": 0.43333333333333335, "subjectivity": 0.8333333333333334}