{"geo_code": "Australia other", "polarity": -0.06666666666666667, "subjectivity": 0.15555555555555556}