{"geo_code": "great_mel", "polarity": 0.14857142857142858, "subjectivity": 0.45857142857142846}