{"geo_code": "great_syd", "polarity": 0.11481481481481483, "subjectivity": 0.450462962962963}