{"geo_code": "Australia other", "polarity": 0.07879629629629631, "subjectivity": 0.34444444444444444}