{"geo_code": "great_syd", "polarity": -0.028124999999999997, "subjectivity": 0.321875}