{"geo_code": "Australia other", "polarity": 0.22727272727272727, "subjectivity": 0.5454545454545454}