{"geo_code": "great_brisbane", "polarity": -0.06944444444444443, "subjectivity": 0.4148148148148148}