{"geo_code": "Australia other", "polarity": -0.08333333333333333, "subjectivity": 0.14583333333333331}