{"geo_code": "Australia other", "polarity": 0.14285714285714285, "subjectivity": 0.6428571428571428}