{"geo_code": "great_mel", "polarity": 0.4028409090909091, "subjectivity": 0.6823863636363636}