{"geo_code": "Australia other", "polarity": 0.15833333333333335, "subjectivity": 0.41944444444444445}