{"geo_code": "great_brisbane", "polarity": 0.3074404761904762, "subjectivity": 0.6228174603174603}