{"geo_code": "great_syd", "polarity": -0.08333333333333333, "subjectivity": 0.11666666666666667}