{"geo_code": "Australia other", "polarity": 0.3833333333333333, "subjectivity": 0.5499999999999999}