{"geo_code": "great_syd", "polarity": 0.5777777777777778, "subjectivity": 0.8888888888888888}