{"geo_code": "Australia other", "polarity": -0.0027777777777777957, "subjectivity": 0.46944444444444444}