{"geo_code": "Australia other", "polarity": 0.2130681818181818, "subjectivity": 0.45454545454545453}