{"geo_code": "great_mel", "polarity": -0.19833333333333333, "subjectivity": 0.5883333333333333}