{"geo_code": "great_brisbane", "polarity": -0.11111111111111112, "subjectivity": 0.3666666666666667}