{"geo_code": "great_syd", "polarity": -0.02023809523809523, "subjectivity": 0.4095238095238095}