{"geo_code": "great_ald", "polarity": 0.32222222222222224, "subjectivity": 0.49444444444444446}