{"geo_code": "great_brisbane", "polarity": -0.09583333333333331, "subjectivity": 0.43888888888888883}