{"geo_code": "Australia other", "polarity": 0.010476190476190504, "subjectivity": 0.46047619047619043}