{"geo_code": "great_syd", "polarity": 0.40277777777777773, "subjectivity": 0.6068518518518519}