{"geo_code": "Australia other", "polarity": 0.1787878787878788, "subjectivity": 0.5265151515151515}