{"geo_code": "great_syd", "polarity": -0.00793650793650794, "subjectivity": 0.33412698412698416}