{"geo_code": "Australia other", "polarity": -0.19375, "subjectivity": 0.4666666666666666}