{"geo_code": "great_mel", "polarity": -0.025000000000000005, "subjectivity": 0.40277777777777773}