{"geo_code": "Australia other", "polarity": -0.14722222222222223, "subjectivity": 0.5583333333333333}