{"geo_code": "great_syd", "polarity": 0.23333333333333334, "subjectivity": 0.7916666666666667}