{"geo_code": "great_syd", "polarity": 0.24166666666666667, "subjectivity": 0.6333333333333334}