{"geo_code": "great_brisbane", "polarity": 0.24305555555555558, "subjectivity": 0.39444444444444443}