{"geo_code": "great_brisbane", "polarity": -0.14814814814814814, "subjectivity": 0.3148148148148148}