{"geo_code": "great_ald", "polarity": -0.23125, "subjectivity": 0.44125000000000003}