{"geo_code": "great_brisbane", "polarity": 0.17333333333333334, "subjectivity": 0.3333333333333333}