{"geo_code": "great_syd", "polarity": 0.015740740740740743, "subjectivity": 0.4527777777777777}