{"geo_code": "great_mel", "polarity": 0.016666666666666673, "subjectivity": 0.5166666666666667}