{"geo_code": "great_brisbane", "polarity": 0.05909090909090908, "subjectivity": 0.45113636363636367}