{"geo_code": "Australia other", "polarity": 0.17500000000000002, "subjectivity": 0.6648148148148149}