{"geo_code": "great_syd", "polarity": -0.22999999999999998, "subjectivity": 0.45999999999999996}