{"geo_code": "great_mel", "polarity": -0.004797979797979808, "subjectivity": 0.18585858585858586}