{"geo_code": "great_syd", "polarity": 0.21212121212121213, "subjectivity": 0.3333333333333333}