{"geo_code": "Australia other", "polarity": 0.39999999999999997, "subjectivity": 0.45555555555555555}