{"geo_code": "Australia other", "polarity": 0.16590909090909092, "subjectivity": 0.7272727272727273}