{"geo_code": "great_mel", "polarity": -0.09722222222222221, "subjectivity": 0.35000000000000003}