{"geo_code": "great_mel", "polarity": 0.36190476190476195, "subjectivity": 0.6869047619047618}