{"geo_code": "great_mel", "polarity": -0.008333333333333331, "subjectivity": 0.3333333333333333}