{"geo_code": "great_mel", "polarity": 0.16875, "subjectivity": 0.5041666666666667}