{"geo_code": "great_mel", "polarity": -0.071875, "subjectivity": 0.31666666666666665}