{"geo_code": "great_mel", "polarity": -0.3499999999999999, "subjectivity": 0.36666666666666664}