{"geo_code": "great_mel", "polarity": -0.25757575757575757, "subjectivity": 0.8484848484848485}