{"geo_code": "great_syd", "polarity": -0.3571428571428572, "subjectivity": 0.7702380952380953}