{"geo_code": "Australia other", "polarity": -0.12222222222222223, "subjectivity": 0.08888888888888889}