{"geo_code": "great_mel", "polarity": 0.24375000000000002, "subjectivity": 0.59375}