{"geo_code": "great_brisbane", "polarity": 0.039999999999999994, "subjectivity": 0.7433333333333334}