{"geo_code": "great_brisbane", "polarity": 0.34348484848484845, "subjectivity": 0.5224242424242423}