{"geo_code": "great_brisbane", "polarity": -0.1277777777777778, "subjectivity": 0.29444444444444445}