{"geo_code": "great_syd", "polarity": 0.06666666666666667, "subjectivity": 0.13333333333333333}