{"geo_code": "Australia other", "polarity": 0.10476190476190476, "subjectivity": 0.38095238095238093}