{"geo_code": "great_ald", "polarity": 0.02638888888888889, "subjectivity": 0.26944444444444443}