{"geo_code": "great_mel", "polarity": 0.143030303030303, "subjectivity": 0.4033333333333333}