{"geo_code": "great_syd", "polarity": 0.05000000000000001, "subjectivity": 0.24166666666666664}