{"geo_code": "Australia other", "polarity": 0.20520833333333333, "subjectivity": 0.4510416666666667}