{"geo_code": "great_syd", "polarity": 0.24444444444444444, "subjectivity": 0.48888888888888893}