{"geo_code": "great_brisbane", "polarity": 0.08727272727272728, "subjectivity": 0.7109090909090909}