{"geo_code": "Australia other", "polarity": 0.1111111111111111, "subjectivity": 0.4523809523809524}