{"geo_code": "great_mel", "polarity": 0.638888888888889, "subjectivity": 0.7222222222222222}