{"geo_code": "Australia other", "polarity": 0.1452020202020202, "subjectivity": 0.3733585858585859}