{"geo_code": "great_syd", "polarity": -0.03333333333333335, "subjectivity": 0.7999999999999999}