{"geo_code": "great_syd", "polarity": 0.016250000000000007, "subjectivity": 0.59375}