{"geo_code": "Australia other", "polarity": -0.02777777777777779, "subjectivity": 0.34444444444444444}