{"geo_code": "great_syd", "polarity": 0.04545454545454545, "subjectivity": 0.3181818181818182}