{"geo_code": "great_syd", "polarity": 0.3678571428571429, "subjectivity": 0.5714285714285714}