{"geo_code": "great_ald", "polarity": -0.06666666666666667, "subjectivity": 0.2333333333333333}