{"geo_code": "Australia other", "polarity": -0.2545454545454546, "subjectivity": 0.7000000000000001}