{"geo_code": "great_syd", "polarity": -0.07499999999999998, "subjectivity": 0.2833333333333333}