{"geo_code": "Australia other", "polarity": -0.19999999999999998, "subjectivity": 0.4714285714285715}