{"geo_code": "great_brisbane", "polarity": -0.07111111111111112, "subjectivity": 0.3577777777777778}