{"geo_code": "great_mel", "polarity": 0.03541666666666668, "subjectivity": 0.43124999999999997}