{"geo_code": "great_mel", "polarity": 0.05619047619047619, "subjectivity": 0.2657142857142857}