{"geo_code": "great_ald", "polarity": 0.025757575757575757, "subjectivity": 0.48863636363636365}