{"geo_code": "Australia other", "polarity": 0.11111111111111112, "subjectivity": 0.18888888888888888}