{"geo_code": "great_mel", "polarity": 0.09880952380952382, "subjectivity": 0.17857142857142858}