{"geo_code": "great_mel", "polarity": 0.11714285714285719, "subjectivity": 0.5204761904761905}