{"geo_code": "great_syd", "polarity": 0.08434343434343435, "subjectivity": 0.4681818181818182}