{"geo_code": "great_ald", "polarity": -0.05714285714285716, "subjectivity": 0.5678571428571428}