{"geo_code": "Australia other", "polarity": 0.7333333333333334, "subjectivity": 0.7333333333333334}