{"geo_code": "great_brisbane", "polarity": -0.15000000000000002, "subjectivity": 0.2333333333333333}