{"geo_code": "great_syd", "polarity": 0.32222222222222224, "subjectivity": 0.43333333333333335}