{"geo_code": "great_syd", "polarity": 0.19363636363636363, "subjectivity": 0.5427272727272727}