{"geo_code": "Australia other", "polarity": 0.21428571428571427, "subjectivity": 0.6428571428571429}