{"geo_code": "Australia other", "polarity": 0.12708333333333333, "subjectivity": 0.3916666666666666}