{"geo_code": "great_mel", "polarity": 0.10833333333333331, "subjectivity": 0.7833333333333333}