{"geo_code": "great_syd", "polarity": -0.10000000000000002, "subjectivity": 0.9296296296296296}