{"geo_code": "Australia other", "polarity": 0.11388888888888889, "subjectivity": 0.09230769230769231}