{"geo_code": "great_syd", "polarity": -0.019480519480519487, "subjectivity": 0.49756493506493504}