{"geo_code": "great_syd", "polarity": -0.02291666666666667, "subjectivity": 0.26041666666666663}