{"geo_code": "Australia other", "polarity": 0.08666666666666668, "subjectivity": 0.20333333333333337}