{"geo_code": "great_ald", "polarity": 0.0859848484848485, "subjectivity": 0.6613636363636364}