{"geo_code": "great_syd", "polarity": -0.20833333333333331, "subjectivity": 0.06666666666666667}