{"geo_code": "great_syd", "polarity": 0.2196969696969697, "subjectivity": 0.47348484848484845}