{"geo_code": "great_brisbane", "polarity": -0.3333333333333333, "subjectivity": 0.35555555555555557}