{"geo_code": "Australia other", "polarity": -0.7874999999999999, "subjectivity": 0.43333333333333335}