{"geo_code": "great_brisbane", "polarity": -0.03750000000000001, "subjectivity": 0.22361111111111112}