{"geo_code": "Australia other", "polarity": -0.08492063492063491, "subjectivity": 0.0880952380952381}