{"geo_code": "Australia other", "polarity": 0.09999999999999999, "subjectivity": 0.43333333333333335}