{"geo_code": "Australia other", "polarity": 0.0002777777777777657, "subjectivity": 0.3288888888888889}