{"geo_code": "great_mel", "polarity": 0.39285714285714285, "subjectivity": 0.5178571428571428}