{"geo_code": "great_brisbane", "polarity": 0.19047619047619047, "subjectivity": 0.44047619047619047}