{"geo_code": "great_mel", "polarity": 0.1619047619047619, "subjectivity": 0.5095238095238095}