{"geo_code": "Australia other", "polarity": 0.09795918367346937, "subjectivity": 0.8653061224489795}