{"geo_code": "great_brisbane", "polarity": 0.0630952380952381, "subjectivity": 0.6833333333333333}