{"geo_code": "great_syd", "polarity": 0.2462121212121212, "subjectivity": 0.5454545454545454}