{"geo_code": "great_brisbane", "polarity": -0.26587301587301587, "subjectivity": 0.7412698412698413}