{"geo_code": "Australia other", "polarity": -0.11851851851851851, "subjectivity": 0.662962962962963}