{"geo_code": "great_ald", "polarity": 0.33472222222222225, "subjectivity": 0.5173611111111112}