{"geo_code": "great_syd", "polarity": -0.03666666666666666, "subjectivity": 0.7777777777777778}