{"geo_code": "great_brisbane", "polarity": -0.23611111111111108, "subjectivity": 0.7222222222222222}