{"geo_code": "Australia other", "polarity": 0.016666666666666635, "subjectivity": 0.30000000000000004}