{"geo_code": "great_mel", "polarity": 0.32222222222222224, "subjectivity": 0.7444444444444445}