{"geo_code": "great_mel", "polarity": 0.11071428571428572, "subjectivity": 0.5333333333333333}