{"geo_code": "great_syd", "polarity": -0.37272727272727274, "subjectivity": 0.4909090909090909}