{"geo_code": "great_mel", "polarity": -0.025883838383838387, "subjectivity": 0.28270202020202023}