{"geo_code": "Australia other", "polarity": 0.2090909090909091, "subjectivity": 0.5151515151515151}