{"geo_code": "great_syd", "polarity": -0.061111111111111116, "subjectivity": 0.5291666666666667}