{"geo_code": "great_brisbane", "polarity": -0.04890873015873015, "subjectivity": 0.6456349206349207}