{"geo_code": "great_brisbane", "polarity": 0.05555555555555556, "subjectivity": 0.2333333333333333}