{"geo_code": "great_ald", "polarity": -0.030555555555555548, "subjectivity": 0.2472222222222222}