{"geo_code": "great_brisbane", "polarity": 0.40625, "subjectivity": 0.5083333333333333}