{"Greater_Adelaide": {"k10_me_2_rate_3_11_7_13": 10.79545982527709}, "Greater_Melbourne": {"k10_me_2_rate_3_11_7_13": 11.120544245921717}, "Greater_Brisbane": {"k10_me_2_rate_3_11_7_13": 10.909391977081102}, "Greater_Sydney": {"k10_me_2_rate_3_11_7_13": 9.99366238630219}}