{"Greater_Adelaide": {"total_population": 1422963, "count": {"_75_79_yrs_proj_count": 46374, "_40_44_yrs_proj_count": 88520, "_25_29_yrs_proj_count": 97085, "_0_4_yrs_proj_count": 84933, "_10_14_yrs_proj_count": 82637, "_80_84_yrs_proj_count": 33180, "_70_74_yrs_proj_count": 65383, "_5_9_yrs_proj_count": 85762, "_50_54_yrs_proj_count": 86885, "_15_19_yrs_proj_count": 83409, "_35_39_yrs_proj_count": 98950, "_30_34_yrs_proj_count": 100993, "_85_yrs_over_proj_count": 35745, "_20_24_yrs_proj_count": 95944, "_45_49_yrs_proj_count": 92442, "_55_59_yrs_proj_count": 88805, "_60_64_yrs_proj_count": 82614, "_65_69_yrs_proj_count": 73311}, "percent": {"_85_yrs_over_proj_percent": 2.6727272727272733, "_60_64_yrs_proj_percent": 5.718181818181817, "_35_39_yrs_proj_percent": 6.990909090909091, "_25_29_yrs_proj_percent": 7.0954545454545475, "_50_54_yrs_proj_percent": 5.9409090909090905, "_40_44_yrs_proj_percent": 5.990909090909091, "_5_9_yrs_proj_percent": 5.931818181818182, "_55_59_yrs_proj_percent": 6.3090909090909095, "_15_19_yrs_proj_percent": 5.745454545454544, "_70_74_yrs_proj_percent": 4.554545454545454, "_75_79_yrs_proj_percent": 3.2045454545454546, "_0_4_yrs_proj_percent": 5.800000000000001, "_30_34_yrs_proj_percent": 7.154545454545455, "_80_84_yrs_proj_percent": 2.3727272727272726, "_45_49_yrs_proj_percent": 6.413636363636363, "_65_69_yrs_proj_percent": 5.181818181818182, "_20_24_yrs_proj_percent": 7.481818181818183, "_10_14_yrs_proj_percent": 5.463636363636364}}, "Greater_Melbourne": {"total_population": 5052040, "count": {"_75_79_yrs_proj_count": 137211, "_40_44_yrs_proj_count": 341490, "_25_29_yrs_proj_count": 394053, "_0_4_yrs_proj_count": 329736, "_10_14_yrs_proj_count": 290768, "_80_84_yrs_proj_count": 97637, "_70_74_yrs_proj_count": 189331, "_5_9_yrs_proj_count": 314129, "_50_54_yrs_proj_count": 309169, "_15_19_yrs_proj_count": 284622, "_35_39_yrs_proj_count": 398673, "_30_34_yrs_proj_count": 418388, "_85_yrs_over_proj_count": 101550, "_20_24_yrs_proj_count": 349886, "_45_49_yrs_proj_count": 337205, "_55_59_yrs_proj_count": 286015, "_60_64_yrs_proj_count": 255237, "_65_69_yrs_proj_count": 216931}, "percent": {"_85_yrs_over_proj_percent": 2.0228571428571427, "_60_64_yrs_proj_percent": 5.0600000000000005, "_35_39_yrs_proj_percent": 7.859999999999999, "_25_29_yrs_proj_percent": 7.899999999999999, "_50_54_yrs_proj_percent": 6.208571428571427, "_40_44_yrs_proj_percent": 6.822857142857141, "_5_9_yrs_proj_percent": 6.12, "_55_59_yrs_proj_percent": 5.714285714285715, "_15_19_yrs_proj_percent": 5.431428571428571, "_70_74_yrs_proj_percent": 3.8085714285714287, "_75_79_yrs_proj_percent": 2.7828571428571434, "_0_4_yrs_proj_percent": 6.3114285714285705, "_30_34_yrs_proj_percent": 8.277142857142858, "_80_84_yrs_proj_percent": 1.9428571428571424, "_45_49_yrs_proj_percent": 6.88, "_65_69_yrs_proj_percent": 4.394285714285715, "_20_24_yrs_proj_percent": 6.871428571428572, "_10_14_yrs_proj_percent": 5.588571428571427}}, "Greater_Brisbane": {"total_population": 2634274, "count": {"_75_79_yrs_proj_count": 66503, "_40_44_yrs_proj_count": 173368, "_25_29_yrs_proj_count": 206294, "_0_4_yrs_proj_count": 180285, "_10_14_yrs_proj_count": 166862, "_80_84_yrs_proj_count": 42975, "_70_74_yrs_proj_count": 96704, "_5_9_yrs_proj_count": 174358, "_50_54_yrs_proj_count": 156880, "_15_19_yrs_proj_count": 165768, "_35_39_yrs_proj_count": 196543, "_30_34_yrs_proj_count": 203503, "_85_yrs_over_proj_count": 42528, "_20_24_yrs_proj_count": 197094, "_45_49_yrs_proj_count": 176278, "_55_59_yrs_proj_count": 147123, "_60_64_yrs_proj_count": 129525, "_65_69_yrs_proj_count": 111685}, "percent": {"_85_yrs_over_proj_percent": 1.675, "_60_64_yrs_proj_percent": 6.1125, "_35_39_yrs_proj_percent": 6.8875, "_25_29_yrs_proj_percent": 6.1625000000000005, "_50_54_yrs_proj_percent": 6.575, "_40_44_yrs_proj_percent": 6.262499999999999, "_5_9_yrs_proj_percent": 6.887499999999999, "_55_59_yrs_proj_percent": 6.300000000000001, "_15_19_yrs_proj_percent": 6.0375000000000005, "_70_74_yrs_proj_percent": 4.6000000000000005, "_75_79_yrs_proj_percent": 2.8000000000000003, "_0_4_yrs_proj_percent": 6.45, "_30_34_yrs_proj_percent": 5.975, "_80_84_yrs_proj_percent": 1.7000000000000002, "_45_49_yrs_proj_percent": 7.0125, "_65_69_yrs_proj_percent": 5.9625, "_20_24_yrs_proj_percent": 5.6, "_10_14_yrs_proj_percent": 6.987499999999999}}, "Greater_Sydney": {"total_population": 5339881, "count": {"_75_79_yrs_proj_count": 143117, "_40_44_yrs_proj_count": 360077, "_25_29_yrs_proj_count": 420218, "_0_4_yrs_proj_count": 359381, "_10_14_yrs_proj_count": 314894, "_80_84_yrs_proj_count": 98386, "_70_74_yrs_proj_count": 200735, "_5_9_yrs_proj_count": 338924, "_50_54_yrs_proj_count": 317239, "_15_19_yrs_proj_count": 306549, "_35_39_yrs_proj_count": 411634, "_30_34_yrs_proj_count": 432770, "_85_yrs_over_proj_count": 102995, "_20_24_yrs_proj_count": 366819, "_45_49_yrs_proj_count": 356562, "_55_59_yrs_proj_count": 306818, "_60_64_yrs_proj_count": 272434, "_65_69_yrs_proj_count": 230335}, "percent": {"_85_yrs_over_proj_percent": 2.1340909090909097, "_60_64_yrs_proj_percent": 5.122727272727272, "_35_39_yrs_proj_percent": 7.918181818181821, "_25_29_yrs_proj_percent": 8.165909090909093, "_50_54_yrs_proj_percent": 5.981818181818184, "_40_44_yrs_proj_percent": 6.947727272727274, "_5_9_yrs_proj_percent": 6.056818181818183, "_55_59_yrs_proj_percent": 5.66590909090909, "_15_19_yrs_proj_percent": 5.3545454545454545, "_70_74_yrs_proj_percent": 3.6863636363636356, "_75_79_yrs_proj_percent": 2.6772727272727277, "_0_4_yrs_proj_percent": 6.559090909090909, "_30_34_yrs_proj_percent": 8.379545454545454, "_80_84_yrs_proj_percent": 1.8522727272727268, "_45_49_yrs_proj_percent": 6.768181818181817, "_65_69_yrs_proj_percent": 4.222727272727273, "_20_24_yrs_proj_percent": 6.904545454545453, "_10_14_yrs_proj_percent": 5.559090909090909}}}