{"Greater Adelaide": {"percentage_foreigner": 37.69130434782608}, "Greater Melbourne": {"percentage_foreigner": 40.39142857142857}, "Greater Brisbane": {"percentage_foreigner": 43.824999999999996}, "Greater Sydney": {"percentage_foreigner": 37.85555555555556}}