{"Greater_Adelaide": {"gpsrv_meas": 5.336363636363636, "hs_meas": 0.03268636363636363}, "Greater_Melbourne": {"gpsrv_meas": 5.5857142857142845, "hs_meas": 0.01826}, "Greater_Brisbane": {"gpsrv_meas": 4.5625, "hs_meas": 0.010137500000000002}, "Greater_Sydney": {"gpsrv_meas": 6.0249999999999995, "hs_meas": 0.01343636363636363}}